date,ma180
2019-10-04,8130.0
2019-10-05,8130.0
2019-10-06,8130.0
2019-10-07,8130.0
2019-10-08,8130.0
2019-10-09,8130.0
2019-10-10,8130.0
2019-10-11,8130.0
2019-10-12,8130.0
2019-10-13,8130.0
2019-10-14,8130.0
2019-10-15,8130.0
2019-10-16,8130.0
2019-10-17,8130.0
2019-10-18,8130.0
2019-10-19,8130.0
2019-10-20,8130.0
2019-10-21,8130.0
2019-10-22,8130.0
2019-10-23,8097.05
2019-10-24,8074.571428571428
2019-10-25,8128.136363636364
2019-10-26,8183.260869565217
2019-10-27,8235.666666666666
2019-10-28,8283.56
2019-10-29,8319.23076923077
2019-10-30,8350.925925925925
2019-10-31,8380.035714285714
2019-11-01,8411.724137931034
2019-11-02,8438.333333333334
2019-11-03,8465.322580645161
2019-11-04,8493.5
2019-11-05,8519.575757575758
2019-11-06,8540.64705882353
2019-11-07,8554.371428571429
2019-11-08,8561.944444444445
2019-11-09,8569.972972972973
2019-11-10,8574.815789473685
2019-11-11,8579.589743589744
2019-11-12,8584.325
2019-11-13,8586.317073170732
2019-11-14,8585.738095238095
2019-11-15,8583.67441860465
2019-11-16,8582.90909090909
2019-11-17,8580.133333333333
2019-11-18,8570.630434782608
2019-11-19,8561.08510638298
2019-11-20,8547.208333333334
2019-11-21,8522.795918367347
2019-11-22,8497.76
2019-11-23,8472.35294117647
2019-11-24,8442.923076923076
2019-11-25,8418.88679245283
2019-11-26,8396.277777777777
2019-11-27,8381.963636363636
2019-11-28,8367.714285714286
2019-11-29,8356.350877192983
2019-11-30,8339.103448275862
2019-12-01,8322.016949152543
2019-12-02,8305.6
2019-12-03,8288.081967213115
2019-12-04,8273.161290322581
2019-12-05,8259.507936507936
2019-12-06,8248.484375
2019-12-07,8237.63076923077
2019-12-08,8226.5
2019-12-09,8213.402985074626
2019-12-10,8198.926470588236
2019-12-11,8183.811594202899
2019-12-12,8170.057142857143
2019-12-13,8156.112676056338
2019-12-14,8141.444444444444
2019-12-15,8126.712328767123
2019-12-16,8109.6621621621625
2019-12-17,8090.453333333333
2019-12-18,8078.078947368421
2019-12-19,8066.0
2019-12-20,8054.205128205128
2019-12-21,8043.012658227848
2019-12-22,8036.625
2019-12-23,8027.62962962963
2019-12-24,8017.817073170731
2019-12-25,8007.975903614458
2019-12-26,7998.285714285715
2019-12-27,7990.035294117647
2019-12-28,7982.360465116279
2019-12-29,7974.540229885058
2019-12-30,7965.886363636364
2019-12-31,7957.2808988764045
2020-01-01,7947.866666666667
2020-01-02,7940.604395604396
2020-01-03,7933.880434782609
2020-01-04,7928.559139784947
2020-01-05,7924.31914893617
2020-01-06,7923.968421052631
2020-01-07,7927.885416666667
2020-01-08,7927.6082474226805
2020-01-09,7926.622448979592
2020-01-10,7928.424242424242
2020-01-11,7930.28
2020-01-12,7931.881188118812
2020-01-13,7937.71568627451
2020-01-14,7945.650485436893
2020-01-15,7952.653846153846
2020-01-16,7961.438095238095
2020-01-17,7970.2169811320755
2020-01-18,7977.1682242990655
2020-01-19,7983.398148148148
2020-01-20,7989.412844036698
2020-01-21,7995.372727272727
2020-01-22,7999.027027027027
2020-01-23,8002.473214285715
2020-01-24,8005.265486725663
2020-01-25,8009.008771929824
2020-01-26,8015.008695652174
2020-01-27,8023.818965517241
2020-01-28,8035.025641025641
2020-01-29,8046.0847457627115
2020-01-30,8056.90756302521
2020-01-31,8067.891666666666
2020-02-01,8078.917355371901
2020-02-02,8089.147540983607
2020-02-03,8098.089430894309
2020-02-04,8108.540322580645
2020-02-05,8121.064
2020-02-06,8134.206349206349
2020-02-07,8147.44094488189
2020-02-08,8162.6640625
2020-02-09,8175.976744186047
2020-02-10,8188.592307692307
2020-02-11,8205.038167938932
2020-02-12,8220.507575757576
2020-02-13,8235.812030075187
2020-02-14,8250.746268656716
2020-02-15,8263.177777777777
2020-02-16,8273.713235294117
2020-02-17,8284.78102189781
2020-02-18,8298.246376811594
2020-02-19,8307.489208633093
2020-02-20,8317.4
2020-02-21,8326.936170212766
2020-02-22,8338.0
2020-02-23,8347.902097902097
2020-02-24,8356.1875
2020-02-25,8361.544827586207
2020-02-26,8364.547945205479
2020-02-27,8366.714285714286
2020-02-28,8368.824324324325
2020-02-29,8370.114093959732
2020-03-01,8372.6
2020-03-02,8375.337748344371
2020-03-03,8377.78947368421
2020-03-04,8382.320261437908
2020-03-05,8387.01948051948
2020-03-06,8391.683870967741
2020-03-07,8393.846153846154
2020-03-08,8390.48407643312
2020-03-09,8387.556962025317
2020-03-10,8384.17610062893
2020-03-11,8370.19375
2020-03-12,8351.316770186335
2020-03-13,8333.141975308641
2020-03-14,8314.453987730061
2020-03-15,8294.207317073171
2020-03-16,8276.10909090909
2020-03-17,8258.325301204819
2020-03-18,8242.604790419162
2020-03-19,8230.85119047619
2020-03-20,8218.69822485207
2020-03-21,8206.364705882354
2020-03-22,8193.894736842105
2020-03-23,8184.918604651163
2020-03-24,8176.098265895954
2020-03-25,8167.402298850575
2020-03-26,8158.874285714286
2020-03-27,8147.971590909091
2020-03-28,8136.553672316384
2020-03-29,8126.393258426966
2020-03-30,8117.067039106145
2020-03-31,8106.9944444444445
2020-04-01,8098.888888888889
2020-04-02,8091.45
2020-04-03,8083.816666666667
2020-04-04,8076.372222222222
2020-04-05,8070.733333333334
2020-04-06,8066.333333333333
2020-04-07,8061.816666666667
2020-04-08,8057.261111111111
2020-04-09,8050.566666666667
2020-04-10,8043.616666666667
2020-04-11,8036.716666666666
2020-04-12,8028.916666666667
2020-04-13,8021.9944444444445
2020-04-14,8014.483333333334
2020-04-15,8008.272222222222
2020-04-16,8002.388888888889
2020-04-17,7996.733333333334
2020-04-18,7991.355555555556
2020-04-19,7985.511111111111
2020-04-20,7982.177777777778
2020-04-21,7978.516666666666
2020-04-22,7966.927777777778
2020-04-23,7956.5
2020-04-24,7945.972222222223
2020-04-25,7935.677777777778
2020-04-26,7927.344444444445
2020-04-27,7919.333333333333
2020-04-28,7913.727777777778
2020-04-29,7911.1611111111115
2020-04-30,7908.705555555555
2020-05-01,7906.416666666667
2020-05-02,7904.216666666666
2020-05-03,7900.927777777778
2020-05-04,7899.094444444445
2020-05-05,7900.233333333334
2020-05-06,7903.0055555555555
2020-05-07,7908.95
2020-05-08,7914.261111111111
2020-05-09,7913.927777777778
2020-05-10,7913.4944444444445
2020-05-11,7914.066666666667
2020-05-12,7916.572222222222
2020-05-13,7922.916666666667
2020-05-14,7928.3
2020-05-15,7933.572222222222
2020-05-16,7941.433333333333
2020-05-17,7950.211111111111
2020-05-18,7960.077777777778
2020-05-19,7973.316666666667
2020-05-20,7984.816666666667
2020-05-21,7995.638888888889
2020-05-22,8008.166666666667
2020-05-23,8019.177777777778
2020-05-24,8028.066666666667
2020-05-25,8035.011111111111
2020-05-26,8043.522222222222
2020-05-27,8052.094444444445
2020-05-28,8063.672222222222
2020-05-29,8075.872222222222
2020-05-30,8088.2
2020-05-31,8101.072222222222
2020-06-01,8116.2444444444445
2020-06-02,8128.177777777778
2020-06-03,8139.916666666667
2020-06-04,8152.094444444445
2020-06-05,8163.955555555555
2020-06-06,8176.772222222222
2020-06-07,8190.638888888889
2020-06-08,8204.805555555555
2020-06-09,8218.972222222223
2020-06-10,8233.4
2020-06-11,8246.3
2020-06-12,8259.444444444445
2020-06-13,8273.583333333334
2020-06-14,8287.855555555556
2020-06-15,8300.905555555555
2020-06-16,8313.677777777777
2020-06-17,8326.266666666666
2020-06-18,8338.211111111112
2020-06-19,8348.044444444444
2020-06-20,8359.388888888889
2020-06-21,8371.788888888888
2020-06-22,8385.333333333334
2020-06-23,8397.43888888889
2020-06-24,8408.3
2020-06-25,8418.58888888889
2020-06-26,8428.783333333333
2020-06-27,8439.033333333333
2020-06-28,8449.644444444444
2020-06-29,8460.972222222223
2020-06-30,8471.388888888889
2020-07-01,8481.8
2020-07-02,8491.011111111111
2020-07-03,8499.638888888889
2020-07-04,8506.044444444444
2020-07-05,8511.155555555555
2020-07-06,8518.716666666667
2020-07-07,8526.894444444444
2020-07-08,8533.972222222223
2020-07-09,8540.05
2020-07-10,8546.361111111111
2020-07-11,8550.422222222222
2020-07-12,8553.344444444445
2020-07-13,8556.377777777778
2020-07-14,8558.322222222223
2020-07-15,8559.6
2020-07-16,8561.961111111112
2020-07-17,8564.844444444445
2020-07-18,8567.716666666667
2020-07-19,8570.694444444445
2020-07-20,8575.95
2020-07-21,8581.35
2020-07-22,8588.027777777777
2020-07-23,8594.266666666666
2020-07-24,8599.272222222222
2020-07-25,8604.005555555555
2020-07-26,8609.288888888888
2020-07-27,8618.394444444444
2020-07-28,8628.172222222222
2020-07-29,8637.305555555555
2020-07-30,8647.133333333333
2020-07-31,8660.033333333333
2020-08-01,8671.427777777777
2020-08-02,8681.583333333334
2020-08-03,8690.316666666668
2020-08-04,8699.477777777778
2020-08-05,8710.216666666667
2020-08-06,8719.472222222223
2020-08-07,8729.527777777777
2020-08-08,8739.866666666667
2020-08-09,8748.5
2020-08-10,8756.627777777778
2020-08-11,8763.522222222222
2020-08-12,8770.733333333334
2020-08-13,8780.85
2020-08-14,8792.972222222223
2020-08-15,8804.455555555556
2020-08-16,8814.155555555555
2020-08-17,8828.83888888889
2020-08-18,8840.366666666667
2020-08-19,8852.255555555555
2020-08-20,8862.555555555555
2020-08-21,8872.716666666667
2020-08-22,8884.31111111111
2020-08-23,8898.866666666667
2020-08-24,8914.2
2020-08-25,8929.255555555555
2020-08-26,8944.127777777778
2020-08-27,8960.172222222222
2020-08-28,8975.533333333333
2020-08-29,8991.238888888889
2020-08-30,9007.583333333334
2020-08-31,9023.377777777778
2020-09-01,9036.355555555556
2020-09-02,9048.183333333332
2020-09-03,9057.527777777777
2020-09-04,9071.022222222222
2020-09-05,9083.716666666667
2020-09-06,9096.577777777778
2020-09-07,9118.7
2020-09-08,9145.744444444445
2020-09-09,9173.16111111111
2020-09-10,9201.027777777777
2020-09-11,9230.827777777778
2020-09-12,9258.822222222223
2020-09-13,9287.4
2020-09-14,9315.95
2020-09-15,9341.68888888889
2020-09-16,9367.894444444444
2020-09-17,9394.577777777778
2020-09-18,9422.127777777778
2020-09-19,9445.91111111111
2020-09-20,9467.883333333333
2020-09-21,9489.022222222222
2020-09-22,9510.111111111111
2020-09-23,9533.1
2020-09-24,9558.372222222222
2020-09-25,9582.777777777777
2020-09-26,9606.522222222222
2020-09-27,9631.955555555556
2020-09-28,9654.505555555555
2020-09-29,9676.433333333332
2020-09-30,9698.994444444445
2020-10-01,9719.8
2020-10-02,9738.877777777778
2020-10-03,9757.027777777777
2020-10-04,9775.83888888889
2020-10-05,9794.805555555555
2020-10-06,9815.333333333334
2020-10-07,9836.283333333333
2020-10-08,9859.344444444445
2020-10-09,9885.08888888889
2020-10-10,9909.95
2020-10-11,9935.616666666667
2020-10-12,9960.322222222223
2020-10-13,9984.405555555555
2020-10-14,10008.227777777778
2020-10-15,10031.461111111112
2020-10-16,10055.183333333332
2020-10-17,10080.566666666668
2020-10-18,10105.816666666668
2020-10-19,10131.733333333334
2020-10-20,10158.33888888889
2020-10-21,10188.222222222223
2020-10-22,10218.022222222222
2020-10-23,10247.383333333333
2020-10-24,10276.772222222222
2020-10-25,10304.111111111111
2020-10-26,10329.433333333332
2020-10-27,10355.094444444445
2020-10-28,10379.622222222222
2020-10-29,10404.56111111111
2020-10-30,10432.483333333334
2020-10-31,10459.494444444445
2020-11-01,10483.755555555555
2020-11-02,10507.305555555555
2020-11-03,10529.261111111111
2020-11-04,10556.955555555556
2020-11-05,10594.955555555556
2020-11-06,10632.766666666666
2020-11-07,10668.272222222222
2020-11-08,10703.788888888888
2020-11-09,10735.372222222222
2020-11-10,10769.1
2020-11-11,10805.261111111111
2020-11-12,10842.638888888889
2020-11-13,10877.672222222222
2020-11-14,10912.85
2020-11-15,10949.41111111111
2020-11-16,10991.744444444445
2020-11-17,11039.955555555556
2020-11-18,11088.216666666667
2020-11-19,11139.005555555555
2020-11-20,11194.027777777777
2020-11-21,11247.594444444445
2020-11-22,11299.361111111111
2020-11-23,11353.43888888889
2020-11-24,11406.844444444445
2020-11-25,11449.522222222222
2020-11-26,11490.933333333332
2020-11-27,11533.277777777777
2020-11-28,11577.622222222222
2020-11-29,11628.216666666667
2020-11-30,11682.216666666667
2020-12-01,11733.622222222222
2020-12-02,11787.544444444444
2020-12-03,11839.761111111111
2020-12-04,11891.516666666666
2020-12-05,11944.038888888888
2020-12-06,11996.544444444444
2020-12-07,12047.155555555555
2020-12-08,12096.288888888888
2020-12-09,12145.777777777777
2020-12-10,12193.222222222223
2020-12-11,12244.177777777777
2020-12-12,12297.966666666667
2020-12-13,12351.955555555556
2020-12-14,12407.35
2020-12-15,12465.366666666667
2020-12-16,12539.905555555555
2020-12-17,12615.227777777778
2020-12-18,12691.233333333334
2020-12-19,12768.56111111111
2020-12-20,12845.111111111111
2020-12-21,12921.822222222223
2020-12-22,13001.666666666666
2020-12-23,13079.905555555555
2020-12-24,13163.383333333333
2020-12-25,13251.027777777777
2020-12-26,13349.672222222222
2020-12-27,13448.727777777778
2020-12-28,13545.905555555555
2020-12-29,13651.183333333332
2020-12-30,13761.555555555555
2020-12-31,13874.08888888889
2021-01-01,13988.916666666666
2021-01-02,14124.211111111112
2021-01-03,14248.655555555555
2021-01-04,14374.716666666667
2021-01-05,14517.261111111111
2021-01-06,14675.405555555555
2021-01-07,14845.494444444445
2021-01-08,15018.827777777778
2021-01-09,15189.288888888888
2021-01-10,15329.216666666667
2021-01-11,15472.105555555556
2021-01-12,15613.677777777777
2021-01-13,15776.105555555556
2021-01-14,15935.56111111111
2021-01-15,16089.861111111111
2021-01-16,16236.594444444445
2021-01-17,16385.166666666668
2021-01-18,16537.044444444444
2021-01-19,16678.705555555556
2021-01-20,16806.233333333334
2021-01-21,16927.972222222223
2021-01-22,17050.405555555557
2021-01-23,17168.416666666668
2021-01-24,17291.92777777778
2021-01-25,17408.53888888889
2021-01-26,17519.905555555557
2021-01-27,17630.455555555556
2021-01-28,17760.5
2021-01-29,17887.966666666667
2021-01-30,18012.216666666667
2021-01-31,18136.077777777777
2021-02-01,18264.483333333334
2021-02-02,18402.5
2021-02-03,18546.38888888889
2021-02-04,18690.683333333334
2021-02-05,18846.183333333334
2021-02-06,18995.922222222223
2021-02-07,19151.12777777778
2021-02-08,19346.405555555557
2021-02-09,19536.983333333334
2021-02-10,19728.405555555557
2021-02-11,19927.016666666666
2021-02-12,20123.244444444445
2021-02-13,20326.588888888888
2021-02-14,20527.43888888889
2021-02-15,20733.911111111112
2021-02-16,20952.477777777778
2021-02-17,21176.583333333332
2021-02-18,21404.722222222223
2021-02-19,21651.422222222223
2021-02-20,21904.911111111112
2021-02-21,22144.93888888889
2021-02-22,22351.027777777777
2021-02-23,22564.294444444444
2021-02-24,22778.783333333333
2021-02-25,22973.37777777778
2021-02-26,23170.56111111111
2021-02-27,23353.594444444443
2021-02-28,23555.394444444446
2021-03-01,23764.033333333333
2021-03-02,23988.444444444445
2021-03-03,24205.805555555555
2021-03-04,24412.405555555557
2021-03-05,24625.233333333334
2021-03-06,24849.37222222222
2021-03-07,25074.966666666667
2021-03-08,25318.027777777777
2021-03-09,25569.12222222222
2021-03-10,25823.527777777777
2021-03-11,26082.088888888888
2021-03-12,26355.37777777778
2021-03-13,26630.977777777778
2021-03-14,26885.63888888889
2021-03-15,27133.088888888888
2021-03-16,27382.522222222222
2021-03-17,27645.75
2021-03-18,27909.444444444445
2021-03-19,28176.76111111111
2021-03-20,28436.933333333334
2021-03-21,28696.094444444443
2021-03-22,28942.277777777777
2021-03-23,29190.15
2021-03-24,29420.93888888889
2021-03-25,29657.455555555556
2021-03-26,29902.566666666666
2021-03-27,30153.727777777778
2021-03-28,30413.616666666665
2021-03-29,30679.55
2021-03-30,30947.544444444444
2021-03-31,31216.13888888889
2021-04-01,31487.21111111111
2021-04-02,31756.883333333335
2021-04-03,32017.86111111111
2021-04-04,32280.88888888889
2021-04-05,32546.883333333335
2021-04-06,32801.072222222225
2021-04-07,33055.27777777778
2021-04-08,33315.47222222222
2021-04-09,33586.316666666666
2021-04-10,33854.37222222222
2021-04-11,34124.438888888886
2021-04-12,34409.705555555556
2021-04-13,34698.95
2021-04-14,34985.25555555556
2021-04-15,35264.05
2021-04-16,35539.72222222222
2021-04-17,35783.71111111111
2021-04-18,36029.561111111114
2021-04-19,36266.416666666664
2021-04-20,36502.76111111111
2021-04-21,36731.36111111111
2021-04-22,36936.0
2021-04-23,37141.62222222222
2021-04-24,37343.65
2021-04-25,37565.75555555556
2021-04-26,37796.305555555555
2021-04-27,38025.86666666667
2021-04-28,38248.933333333334
2021-04-29,38475.77777777778
2021-04-30,38721.26111111111
2021-05-01,38961.52777777778
2021-05-02,39206.36666666667
2021-05-03,39434.0
2021-05-04,39655.63333333333
2021-05-05,39886.23333333333
2021-05-06,40116.62777777778
2021-05-07,40356.99444444444
2021-05-08,40594.183333333334
2021-05-09,40829.87222222222
2021-05-10,41051.28888888889
2021-05-11,41274.61111111111
2021-05-12,41463.57777777778
2021-05-13,41653.76111111111
2021-05-14,41834.555555555555
2021-05-15,42007.63888888889
2021-05-16,42155.705555555556
2021-05-17,42302.933333333334
2021-05-18,42419.53888888889
2021-05-19,42537.66111111111
2021-05-20,42656.805555555555
2021-05-21,42763.85
2021-05-22,42851.71666666667
2021-05-23,42953.555555555555
2021-05-24,43069.47777777778
2021-05-25,43192.916666666664
2021-05-26,43313.22222222222
2021-05-27,43416.427777777775
2021-05-28,43507.71666666667
2021-05-29,43598.433333333334
2021-05-30,43696.73888888889
2021-05-31,43791.97777777778
2021-06-01,43893.42222222222
2021-06-02,44002.61111111111
2021-06-03,44101.49444444444
2021-06-04,44195.73888888889
2021-06-05,44290.694444444445
2021-06-06,44389.98888888889
2021-06-07,44470.76111111111
2021-06-08,44563.933333333334
2021-06-09,44666.53888888889
2021-06-10,44765.73333333333
2021-06-11,44857.51111111111
2021-06-12,44949.072222222225
2021-06-13,45058.811111111114
2021-06-14,45155.805555555555
2021-06-15,45246.65555555555
2021-06-16,45333.544444444444
2021-06-17,45410.811111111114
2021-06-18,45480.97222222222
2021-06-19,45549.455555555556
2021-06-20,45600.572222222225
2021-06-21,45651.816666666666
2021-06-22,45706.177777777775
2021-06-23,45755.47222222222
2021-06-24,45791.62222222222
2021-06-25,45816.96111111111
2021-06-26,45852.10555555556
2021-06-27,45887.677777777775
2021-06-28,45924.95
2021-06-29,45955.77777777778
2021-06-30,45975.97777777778
2021-07-01,45974.24444444444
2021-07-02,45990.15
2021-07-03,46008.98333333333
2021-07-04,46004.933333333334
2021-07-05,45984.566666666666
2021-07-06,45955.416666666664
2021-07-07,45913.02222222222
2021-07-08,45874.95
2021-07-09,45871.183333333334
2021-07-10,45865.13888888889
2021-07-11,45859.72777777778
2021-07-12,45828.85555555556
2021-07-13,45799.22222222222
2021-07-14,45771.00555555556
2021-07-15,45749.12777777778
2021-07-16,45723.86111111111
2021-07-17,45695.26111111111
2021-07-18,45674.22777777778
2021-07-19,45658.51666666667
2021-07-20,45656.85555555556
2021-07-21,45655.83888888889
2021-07-22,45657.12222222222
2021-07-23,45660.02222222222
2021-07-24,45673.37777777778
2021-07-25,45712.97222222222
2021-07-26,45746.86111111111
2021-07-27,45775.77777777778
2021-07-28,45807.311111111114
2021-07-29,45841.205555555556
2021-07-30,45885.2
2021-07-31,45922.60555555556
2021-08-01,45939.6
2021-08-02,45944.322222222225
2021-08-03,45948.63888888889
2021-08-04,45945.63333333333
2021-08-05,45957.78888888889
2021-08-06,45980.49444444444
2021-08-07,45967.46111111111
2021-08-08,45964.833333333336
2021-08-09,45960.72222222222
2021-08-10,45952.55
2021-08-11,45939.316666666666
2021-08-12,45925.61666666667
2021-08-13,45920.48888888889
2021-08-14,45905.78888888889
2021-08-15,45884.03333333333
2021-08-16,45851.083333333336
2021-08-17,45809.072222222225
2021-08-18,45746.21111111111
2021-08-19,45690.87777777778
2021-08-20,45659.86666666667
2021-08-21,45662.49444444444
2021-08-22,45662.9
2021-08-23,45657.36666666667
2021-08-24,45666.28333333333
2021-08-25,45665.544444444444
2021-08-26,45679.96111111111
2021-08-27,45686.49444444444
2021-08-28,45685.183333333334
2021-08-29,45669.77777777778
2021-08-30,45657.73333333333
2021-08-31,45658.555555555555
2021-09-01,45665.177777777775
2021-09-02,45662.36666666667
2021-09-03,45658.36666666667
2021-09-04,45636.683333333334
2021-09-05,45615.86111111111
2021-09-06,45587.25
2021-09-07,45528.555555555555
2021-09-08,45454.47777777778
2021-09-09,45374.85
2021-09-10,45311.61666666667
2021-09-11,45258.416666666664
2021-09-12,45196.73888888889
2021-09-13,45127.85555555556
2021-09-14,45067.51111111111
2021-09-15,45007.583333333336
2021-09-16,44953.455555555556
2021-09-17,44904.561111111114
2021-09-18,44865.92222222222
2021-09-19,44803.688888888886
2021-09-20,44750.38888888889
2021-09-21,44689.47777777778
2021-09-22,44628.666666666664
2021-09-23,44556.37222222222
2021-09-24,44473.71111111111
2021-09-25,44387.438888888886
2021-09-26,44303.01666666667
2021-09-27,44208.427777777775
2021-09-28,44110.74444444444
2021-09-29,44022.07777777778
2021-09-30,43963.60555555556
2021-10-01,43907.12222222222
2021-10-02,43848.455555555556
2021-10-03,43798.64444444444
2021-10-04,43758.77222222222
2021-10-05,43722.572222222225
2021-10-06,43689.84444444445
2021-10-07,43659.77222222222
2021-10-08,43630.90555555555
2021-10-09,43588.7
2021-10-10,43551.27222222222
2021-10-11,43517.85555555556
2021-10-12,43487.85
2021-10-13,43468.22222222222
2021-10-14,43489.61111111111
2021-10-15,43515.91111111111
2021-10-16,43545.60555555556
2021-10-17,43581.36666666667
2021-10-18,43627.50555555556
2021-10-19,43706.97222222222
2021-10-20,43788.34444444445
2021-10-21,43860.53888888889
2021-10-22,43903.42222222222
2021-10-23,43937.15
2021-10-24,43981.66111111111
2021-10-25,44028.91111111111
2021-10-26,44053.50555555556
2021-10-27,44069.37777777778
2021-10-28,44095.5
2021-10-29,44115.77777777778
2021-10-30,44145.25555555556
2021-10-31,44178.083333333336
2021-11-01,44211.82777777778
2021-11-02,44247.194444444445
2021-11-03,44264.555555555555
2021-11-04,44283.91111111111
2021-11-05,44300.8
2021-11-06,44335.75
2021-11-07,44388.055555555555
2021-11-08,44485.705555555556
2021-11-09,44577.35555555556
2021-11-10,44666.63888888889
2021-11-11,44755.438888888886
2021-11-12,44863.7
2021-11-13,44975.28333333333
2021-11-14,45121.705555555556
2021-11-15,45236.96666666667
2021-11-16,45347.811111111114
2021-11-17,45467.91111111111
2021-11-18,45592.438888888886
2021-11-19,45710.322222222225
2021-11-20,45827.316666666666
2021-11-21,45928.49444444444
2021-11-22,46028.78333333333
2021-11-23,46140.09444444445
2021-11-24,46268.62222222222
2021-11-25,46373.32777777778
2021-11-26,46473.48888888889
2021-11-27,46572.933333333334
2021-11-28,46684.83888888889
2021-11-29,46788.433333333334
2021-11-30,46900.86666666667
2021-12-01,47014.96111111111
2021-12-02,47129.21666666667
2021-12-03,47196.955555555556
2021-12-04,47287.572222222225
2021-12-05,47366.39444444444
2021-12-06,47444.96666666667
2021-12-07,47519.688888888886
2021-12-08,47595.07777777778
2021-12-09,47663.86666666667
2021-12-10,47713.71666666667
2021-12-11,47765.438888888886
2021-12-12,47818.066666666666
2021-12-13,47864.09444444445
2021-12-14,47923.74444444444
2021-12-15,47995.688888888886
2021-12-16,48060.52222222222
2021-12-17,48138.10555555556
2021-12-18,48219.78333333333
2021-12-19,48289.66111111111
2021-12-20,48372.28333333333
2021-12-21,48458.74444444444
2021-12-22,48553.28888888889
2021-12-23,48653.583333333336
2021-12-24,48744.955555555556
2021-12-25,48825.09444444445
2021-12-26,48914.683333333334
2021-12-27,49001.21111111111
2021-12-28,49081.083333333336
2021-12-29,49150.48888888889
2021-12-30,49215.98888888889
2021-12-31,49288.061111111114
2022-01-01,49361.51111111111
2022-01-02,49429.88333333333
2022-01-03,49504.916666666664
2022-01-04,49578.63333333333
2022-01-05,49630.66111111111
2022-01-06,49675.76111111111
2022-01-07,49721.32777777778
2022-01-08,49771.38888888889
2022-01-09,49822.62222222222
2022-01-10,49879.77222222222
2022-01-11,49941.72777777778
2022-01-12,50008.96111111111
2022-01-13,50070.51111111111
2022-01-14,50136.205555555556
2022-01-15,50210.52777777778
2022-01-16,50272.47777777778
2022-01-17,50326.88888888889
2022-01-18,50379.37777777778
2022-01-19,50424.85555555556
2022-01-20,50449.01111111111
2022-01-21,50433.166666666664
2022-01-22,50420.47777777778
2022-01-23,50394.96111111111
2022-01-24,50376.12222222222
2022-01-25,50364.84444444445
2022-01-26,50335.26111111111
2022-01-27,50310.0
2022-01-28,50299.6
2022-01-29,50297.061111111114
2022-01-30,50290.41111111111
2022-01-31,50286.055555555555
2022-02-01,50272.333333333336
2022-02-02,50235.45
2022-02-03,50200.05
2022-02-04,50177.50555555556
2022-02-05,50155.333333333336
2022-02-06,50136.89444444444
2022-02-07,50132.01111111111
2022-02-08,50118.64444444444
2022-02-09,50103.22777777778
2022-02-10,50086.455555555556
2022-02-11,50059.52222222222
2022-02-12,50039.23333333333
2022-02-13,50022.96111111111
2022-02-14,50018.555555555555
2022-02-15,50001.066666666666
2022-02-16,49968.677777777775
2022-02-17,49921.57777777778
2022-02-18,49866.96111111111
2022-02-19,49807.34444444445
2022-02-20,49754.60555555556
2022-02-21,49701.71666666667
2022-02-22,49649.87222222222
2022-02-23,49576.34444444445
2022-02-24,49522.0
2022-02-25,49473.055555555555
2022-02-26,49426.23333333333
2022-02-27,49375.177777777775
2022-02-28,49341.177777777775
2022-03-01,49308.566666666666
2022-03-02,49271.25555555556
2022-03-03,49222.17222222222
2022-03-04,49152.02777777778
2022-03-05,49085.37222222222
2022-03-06,49040.14444444444
2022-03-07,48997.58888888889
2022-03-08,48974.794444444444
2022-03-09,48941.044444444444
2022-03-10,48902.35
2022-03-11,48871.26666666667
2022-03-12,48832.10555555556
2022-03-13,48783.52777777778
2022-03-14,48733.47222222222
2022-03-15,48693.76666666667
2022-03-16,48652.62222222222
2022-03-17,48613.677777777775
2022-03-18,48601.061111111114
2022-03-19,48595.59444444445
2022-03-20,48588.916666666664
2022-03-21,48580.683333333334
2022-03-22,48576.92222222222
2022-03-23,48579.37777777778
2022-03-24,48585.53888888889
2022-03-25,48590.23333333333
2022-03-26,48605.99444444444
2022-03-27,48636.177777777775
2022-03-28,48659.88888888889
2022-03-29,48660.322222222225
2022-03-30,48656.333333333336
2022-03-31,48641.76666666667
2022-04-01,48634.61666666667
2022-04-02,48614.75555555556
2022-04-03,48583.65
2022-04-04,48540.82777777778
2022-04-05,48488.444444444445
2022-04-06,48425.32777777778
2022-04-07,48360.62222222222
2022-04-08,48281.72222222222
2022-04-09,48203.15555555555
2022-04-10,48119.66111111111
2022-04-11,48021.933333333334
2022-04-12,47913.88333333333
2022-04-13,47801.333333333336
2022-04-14,47686.3
2022-04-15,47566.90555555555
2022-04-16,47444.177777777775
2022-04-17,47306.91111111111
2022-04-18,47174.60555555556
2022-04-19,47055.944444444445
2022-04-20,46948.02777777778
2022-04-21,46834.41111111111
2022-04-22,46705.98333333333
2022-04-23,46579.35
2022-04-24,46468.73333333333
2022-04-25,46356.22777777778
2022-04-26,46230.72777777778
2022-04-27,46108.73333333333
2022-04-28,45986.86666666667
2022-04-29,45860.41111111111
2022-04-30,45721.12777777778
2022-05-01,45585.96666666667
2022-05-02,45456.066666666666
2022-05-03,45330.47222222222
2022-05-04,45210.561111111114
2022-05-05,45066.47222222222
2022-05-06,44899.944444444445
2022-05-07,44716.32777777778
2022-05-08,44528.95
2022-05-09,44342.28888888889
2022-05-10,44158.1
2022-05-11,43960.694444444445
2022-05-12,43770.666666666664
2022-05-13,43569.38333333333
2022-05-14,43398.583333333336
2022-05-15,43231.688888888886
2022-05-16,43070.45
2022-05-17,42917.84444444445
2022-05-18,42755.32777777778
2022-05-19,42594.1
2022-05-20,42437.833333333336
2022-05-21,42287.88333333333
2022-05-22,42140.705555555556
2022-05-23,41979.88333333333
2022-05-24,41841.88888888889
2022-05-25,41701.92222222222
2022-05-26,41560.24444444444
2022-05-27,41401.416666666664
2022-05-28,41244.66111111111
2022-05-29,41096.98888888889
2022-05-30,40957.822222222225
2022-05-31,40818.87222222222
2022-06-01,40716.91111111111
2022-06-02,40609.15555555555
2022-06-03,40502.37777777778
2022-06-04,40384.32777777778
2022-06-05,40277.88888888889
2022-06-06,40168.87222222222
2022-06-07,40069.7
2022-06-08,39968.2
2022-06-09,39858.74444444444
2022-06-10,39747.794444444444
2022-06-11,39639.07777777778
2022-06-12,39503.63333333333
2022-06-13,39356.50555555556
2022-06-14,39213.39444444444
2022-06-15,39071.555555555555
2022-06-16,38924.188888888886
2022-06-17,38772.583333333336
2022-06-18,38610.16111111111
2022-06-19,38451.066666666666
2022-06-20,38298.11666666667
2022-06-21,38127.205555555556
2022-06-22,37958.24444444444
2022-06-23,37797.13888888889
2022-06-24,37631.933333333334
2022-06-25,37477.933333333334
2022-06-26,37330.12777777778
2022-06-27,37183.805555555555
2022-06-28,37032.95
2022-06-29,36877.49444444444
2022-06-30,36722.833333333336
2022-07-01,36568.9
2022-07-02,36417.65555555555
2022-07-03,36268.86111111111
2022-07-04,36141.53333333333
2022-07-05,36020.97777777778
2022-07-06,35902.40555555555
2022-07-07,35790.85
2022-07-08,35678.96111111111
2022-07-09,35562.74444444444
2022-07-10,35437.89444444444
2022-07-11,35305.46666666667
2022-07-12,35176.71111111111
2022-07-13,35049.52777777778
2022-07-14,34925.78888888889
2022-07-15,34804.01111111111
2022-07-16,34689.01111111111
2022-07-17,34578.26111111111
2022-07-18,34468.12777777778
2022-07-19,34383.62222222222
2022-07-20,34313.84444444445
2022-07-21,34245.92222222222
2022-07-22,34174.938888888886
2022-07-23,34098.444444444445
2022-07-24,34010.916666666664
2022-07-25,33926.24444444444
2022-07-26,33839.177777777775
2022-07-27,33757.794444444444
2022-07-28,33679.561111111114
2022-07-29,33605.52222222222
2022-07-30,33523.28333333333
2022-07-31,33439.36111111111
2022-08-01,33361.77777777778
2022-08-02,33280.22222222222
2022-08-03,33176.66111111111
2022-08-04,33073.99444444444
2022-08-05,32964.96666666667
2022-08-06,32848.794444444444
2022-08-07,32737.422222222223
2022-08-08,32621.17777777778
2022-08-09,32509.15
2022-08-10,32409.42777777778
2022-08-11,32307.416666666668
2022-08-12,32209.077777777777
2022-08-13,32100.583333333332
2022-08-14,31989.777777777777
2022-08-15,31883.05
2022-08-16,31790.244444444445
2022-08-17,31697.727777777778
2022-08-18,31604.033333333333
2022-08-19,31506.45
2022-08-20,31416.87222222222
2022-08-21,31323.155555555557
2022-08-22,31243.783333333333
2022-08-23,31147.522222222222
2022-08-24,31049.56111111111
2022-08-25,30952.8
2022-08-26,30851.683333333334
2022-08-27,30720.911111111112
2022-08-28,30586.505555555555
2022-08-29,30457.87777777778
2022-08-30,30340.494444444445
2022-08-31,30234.222222222223
2022-09-01,30129.15
2022-09-02,30027.155555555557
2022-09-03,29922.316666666666
2022-09-04,29799.144444444446
2022-09-05,29690.883333333335
2022-09-06,29579.383333333335
2022-09-07,29469.027777777777
2022-09-08,29369.2
2022-09-09,29272.3
2022-09-10,29176.077777777777
2022-09-11,29075.12222222222
2022-09-12,28970.805555555555
2022-09-13,28857.11111111111
2022-09-14,28736.13888888889
2022-09-15,28614.205555555556
2022-09-16,28496.3
2022-09-17,28370.48888888889
2022-09-18,28241.18888888889
2022-09-19,28108.6
2022-09-20,27968.283333333333
2022-09-21,27827.15
2022-09-22,27684.67777777778
2022-09-23,27528.294444444444
2022-09-24,27369.583333333332
2022-09-25,27213.016666666666
2022-09-26,27062.827777777777
2022-09-27,26916.955555555556
2022-09-28,26766.344444444443
2022-09-29,26616.994444444445
2022-09-30,26468.333333333332
2022-10-01,26316.633333333335
2022-10-02,26174.21111111111
2022-10-03,26043.672222222223
2022-10-04,25913.905555555557
2022-10-05,25789.87777777778
2022-10-06,25662.983333333334
2022-10-07,25542.472222222223
2022-10-08,25428.166666666668
2022-10-09,25312.477777777778
2022-10-10,25190.37222222222
2022-10-11,25073.255555555555
2022-10-12,24954.644444444446
2022-10-13,24839.28888888889
2022-10-14,24726.494444444445
2022-10-15,24605.494444444445
2022-10-16,24483.661111111112
2022-10-17,24360.722222222223
2022-10-18,24242.983333333334
2022-10-19,24128.827777777777
2022-10-20,24014.42777777778
2022-10-21,23903.616666666665
2022-10-22,23785.88888888889
2022-10-23,23677.1
2022-10-24,23564.327777777777
2022-10-25,23462.07222222222
2022-10-26,23362.37777777778
2022-10-27,23263.955555555556
2022-10-28,23164.62222222222
2022-10-29,23066.305555555555
2022-10-30,22964.06111111111
2022-10-31,22858.633333333335
2022-11-01,22771.477777777778
2022-11-02,22684.45
2022-11-03,22607.11111111111
2022-11-04,22542.26111111111
2022-11-05,22486.13888888889
2022-11-06,22429.505555555555
2022-11-07,22381.022222222222
2022-11-08,22311.12222222222
2022-11-09,22240.466666666667
2022-11-10,22168.82222222222
2022-11-11,22096.38888888889
2022-11-12,22020.255555555555
2022-11-13,21946.57222222222
2022-11-14,21876.916666666668
2022-11-15,21802.31111111111
2022-11-16,21731.6
2022-11-17,21658.483333333334
2022-11-18,21583.083333333332
2022-11-19,21512.411111111112
2022-11-20,21436.383333333335
2022-11-21,21360.483333333334
2022-11-22,21291.566666666666
2022-11-23,21223.255555555555
2022-11-24,21153.055555555555
2022-11-25,21075.005555555555
2022-11-26,20990.944444444445
2022-11-27,20905.75
2022-11-28,20830.57222222222
2022-11-29,20758.81111111111
2022-11-30,20688.844444444443
2022-12-01,20617.655555555557
2022-12-02,20537.866666666665
2022-12-03,20467.744444444445
2022-12-04,20394.566666666666
2022-12-05,20321.105555555554
2022-12-06,20249.12777777778
2022-12-07,20182.916666666668
2022-12-08,20125.772222222222
2022-12-09,20088.73888888889
2022-12-10,20060.466666666667
2022-12-11,20036.516666666666
2022-12-12,20015.71111111111
2022-12-13,20000.12777777778
2022-12-14,19991.81111111111
2022-12-15,19978.583333333332
2022-12-16,19958.394444444446
2022-12-17,19934.494444444445
2022-12-18,19914.57222222222
2022-12-19,19894.183333333334
2022-12-20,19870.566666666666
2022-12-21,19846.01111111111
2022-12-22,19820.744444444445
2022-12-23,19797.166666666668
2022-12-24,19775.516666666666
2022-12-25,19757.444444444445
2022-12-26,19744.67777777778
2022-12-27,19729.28888888889
2022-12-28,19714.655555555557
2022-12-29,19700.277777777777
2022-12-30,19683.744444444445
2022-12-31,19663.522222222222
2023-01-01,19644.28888888889
2023-01-02,19623.044444444444
2023-01-03,19595.577777777777
2023-01-04,19569.033333333333
2023-01-05,19544.42777777778
2023-01-06,19524.62777777778
2023-01-07,19508.63888888889
2023-01-08,19495.38888888889
2023-01-09,19479.033333333333
2023-01-10,19460.18888888889
2023-01-11,19446.12777777778
2023-01-12,19433.227777777778
2023-01-13,19427.172222222223
2023-01-14,19419.066666666666
2023-01-15,19405.416666666668
2023-01-16,19395.68888888889
2023-01-17,19385.07222222222
2023-01-18,19375.777777777777
2023-01-19,19366.994444444445
2023-01-20,19372.411111111112
2023-01-21,19382.194444444445
2023-01-22,19390.23888888889
2023-01-23,19389.283333333333
2023-01-24,19382.333333333332
2023-01-25,19377.63888888889
2023-01-26,19373.338888888888
2023-01-27,19371.87222222222
2023-01-28,19374.777777777777
2023-01-29,19374.333333333332
2023-01-30,19374.505555555555
2023-01-31,19374.316666666666
2023-02-01,19377.766666666666
2023-02-02,19380.23888888889
2023-02-03,19377.433333333334
2023-02-04,19377.472222222223
2023-02-05,19376.12777777778
2023-02-06,19368.25
2023-02-07,19363.73888888889
2023-02-08,19353.28888888889
2023-02-09,19338.205555555556
2023-02-10,19324.61111111111
2023-02-11,19312.722222222223
2023-02-12,19301.155555555557
2023-02-13,19292.205555555556
2023-02-14,19297.82222222222
2023-02-15,19316.933333333334
2023-02-16,19330.37222222222
2023-02-17,19349.077777777777
2023-02-18,19367.133333333335
2023-02-19,19385.63888888889
2023-02-20,19402.87222222222
2023-02-21,19417.583333333332
2023-02-22,19439.53888888889
2023-02-23,19460.78888888889
2023-02-24,19478.272222222222
2023-02-25,19494.933333333334
2023-02-26,19512.666666666668
2023-02-27,19531.594444444443
2023-02-28,19551.57222222222
2023-03-01,19571.63888888889
2023-03-02,19585.88888888889
2023-03-03,19600.172222222223
2023-03-04,19614.744444444445
2023-03-05,19634.63888888889
2023-03-06,19651.994444444445
2023-03-07,19657.78888888889
2023-03-08,19659.45
2023-03-09,19650.205555555556
2023-03-10,19639.794444444444
2023-03-11,19631.244444444445
2023-03-12,19643.777777777777
2023-03-13,19669.116666666665
2023-03-14,19696.82222222222
2023-03-15,19723.783333333333
2023-03-16,19760.03888888889
2023-03-17,19806.911111111112
2023-03-18,19851.555555555555
2023-03-19,19901.344444444443
2023-03-20,19951.394444444446
2023-03-21,20002.255555555555
2023-03-22,20050.105555555554
2023-03-23,20100.422222222223
2023-03-24,20147.333333333332
2023-03-25,20190.088888888888
2023-03-26,20238.53888888889
2023-03-27,20280.566666666666
2023-03-28,20329.705555555556
2023-03-29,20380.422222222223
2023-03-30,20430.133333333335
2023-03-31,20481.305555555555
2023-04-01,20527.933333333334
2023-04-02,20571.666666666668
2023-04-03,20615.96111111111
2023-04-04,20663.71111111111
2023-04-05,20711.077777777777
2023-04-06,20758.316666666666
2023-04-07,20806.616666666665
2023-04-08,20856.03888888889
2023-04-09,20907.25
2023-04-10,20968.644444444446
2023-04-11,21026.422222222223
2023-04-12,21088.033333333333
2023-04-13,21152.2
2023-04-14,21212.972222222223
2023-04-15,21272.911111111112
2023-04-16,21330.444444444445
2023-04-17,21391.28888888889
2023-04-18,21448.26111111111
2023-04-19,21501.733333333334
2023-04-20,21550.972222222223
2023-04-21,21595.37222222222
2023-04-22,21641.194444444445
2023-04-23,21679.083333333332
2023-04-24,21716.655555555557
2023-04-25,21761.87222222222
2023-04-26,21807.75
2023-04-27,21855.71111111111
2023-04-28,21904.727777777778
2023-04-29,21953.594444444443
2023-04-30,21998.505555555555
2023-05-01,22041.93888888889
2023-05-02,22085.87222222222
2023-05-03,22128.705555555556
2023-05-04,22173.216666666667
2023-05-05,22220.527777777777
2023-05-06,22271.744444444445
2023-05-07,22328.65
2023-05-08,22389.36111111111
2023-05-09,22448.327777777777
2023-05-10,22507.23888888889
2023-05-11,22561.7
2023-05-12,22619.088888888888
2023-05-13,22674.933333333334
2023-05-14,22734.38888888889
2023-05-15,22792.57222222222
2023-05-16,22849.655555555557
2023-05-17,22908.71111111111
2023-05-18,22965.96111111111
2023-05-19,23026.333333333332
2023-05-20,23087.95
2023-05-21,23145.555555555555
2023-05-22,23205.027777777777
2023-05-23,23261.722222222223
2023-05-24,23315.577777777777
2023-05-25,23370.87777777778
2023-05-26,23429.38888888889
2023-05-27,23489.183333333334
2023-05-28,23550.4
2023-05-29,23609.783333333333
2023-05-30,23666.25
2023-05-31,23721.383333333335
2023-06-01,23777.383333333335
2023-06-02,23832.61111111111
2023-06-03,23889.294444444444
2023-06-04,23944.516666666666
2023-06-05,23994.183333333334
2023-06-06,24047.03888888889
2023-06-07,24098.67777777778
2023-06-08,24150.533333333333
2023-06-09,24198.983333333334
2023-06-10,24245.4
2023-06-11,24290.055555555555
2023-06-12,24336.31111111111
2023-06-13,24386.005555555555
2023-06-14,24432.172222222223
2023-06-15,24481.166666666668
2023-06-16,24535.527777777777
2023-06-17,24589.45
2023-06-18,24642.8
2023-06-19,24698.87222222222
2023-06-20,24766.222222222223
2023-06-21,24840.022222222222
2023-06-22,24913.8
2023-06-23,24990.483333333334
2023-06-24,25067.13888888889
2023-06-25,25142.87777777778
2023-06-26,25220.644444444446
2023-06-27,25297.161111111112
2023-06-28,25374.277777777777
2023-06-29,25451.883333333335
2023-06-30,25528.62222222222
2023-07-01,25605.57222222222
2023-07-02,25682.744444444445
2023-07-03,25761.566666666666
2023-07-04,25837.68888888889
2023-07-05,25912.82222222222
2023-07-06,25986.422222222223
2023-07-07,26058.644444444446
2023-07-08,26131.033333333333
2023-07-09,26201.977777777778
2023-07-10,26270.394444444446
2023-07-11,26335.355555555554
2023-07-12,26389.172222222223
2023-07-13,26447.355555555554
2023-07-14,26498.633333333335
2023-07-15,26549.338888888888
2023-07-16,26599.333333333332
2023-07-17,26650.033333333333
2023-07-18,26699.444444444445
2023-07-19,26738.733333333334
2023-07-20,26777.772222222222
2023-07-21,26817.033333333333
2023-07-22,26855.6
2023-07-23,26892.144444444446
2023-07-24,26926.077777777777
2023-07-25,26960.922222222223
2023-07-26,26996.383333333335
2023-07-27,27028.75
2023-07-28,27062.794444444444
2023-07-29,27098.35
2023-07-30,27133.266666666666
2023-07-31,27161.694444444445
2023-08-01,27194.78888888889
2023-08-02,27226.772222222222
2023-08-03,27259.305555555555
2023-08-04,27293.422222222223
2023-08-05,27327.2
2023-08-06,27359.87222222222
2023-08-07,27397.272222222222
2023-08-08,27441.355555555554
2023-08-09,27484.705555555556
2023-08-10,27526.633333333335
2023-08-11,27569.65
2023-08-12,27611.694444444445
2023-08-13,27649.71111111111
2023-08-14,27675.994444444445
2023-08-15,27704.244444444445
2023-08-16,27725.722222222223
2023-08-17,27734.972222222223
2023-08-18,27741.81111111111
2023-08-19,27749.76111111111
2023-08-20,27760.92777777778
2023-08-21,27771.577777777777
2023-08-22,27783.894444444446
2023-08-23,27802.422222222223
2023-08-24,27818.383333333335
2023-08-25,27832.883333333335
2023-08-26,27847.63888888889
2023-08-27,27860.588888888888
2023-08-28,27875.338888888888
2023-08-29,27903.222222222223
2023-08-30,27930.183333333334
2023-08-31,27949.983333333334
2023-09-01,27968.933333333334
2023-09-02,27988.505555555555
2023-09-03,28009.93888888889
2023-09-04,28032.633333333335
2023-09-05,28064.766666666666
2023-09-06,28094.777777777777
2023-09-07,28124.255555555555
2023-09-08,28142.883333333335
2023-09-09,28149.655555555557
2023-09-10,28154.86111111111
2023-09-11,28161.51111111111
2023-09-12,28159.755555555555
2023-09-13,28154.433333333334
2023-09-14,28150.316666666666
2023-09-15,28142.42777777778
2023-09-16,28134.13888888889
2023-09-17,28126.194444444445
2023-09-18,28122.972222222223
2023-09-19,28117.894444444446
2023-09-20,28113.366666666665
2023-09-21,28107.088888888888
2023-09-22,28100.233333333334
2023-09-23,28097.92777777778
2023-09-24,28085.98888888889
2023-09-25,28073.73888888889
2023-09-26,28062.93888888889
2023-09-27,28052.077777777777
2023-09-28,28044.227777777778
2023-09-29,28038.333333333332
2023-09-30,28032.816666666666
2023-10-01,28030.45
2023-10-02,28027.51111111111
2023-10-03,28025.2
2023-10-04,28023.216666666667
2023-10-05,28021.566666666666
2023-10-06,28019.411111111112
2023-10-07,28007.161111111112
2023-10-08,27994.911111111112
2023-10-09,27979.227777777778
2023-10-10,27959.205555555556
2023-10-11,27938.916666666668
2023-10-12,27919.366666666665
2023-10-13,27904.483333333334
2023-10-14,27886.81111111111
2023-10-15,27878.933333333334
2023-10-16,27876.883333333335
2023-10-17,27878.661111111112
2023-10-18,27884.92777777778
2023-10-19,27895.68888888889
2023-10-20,27908.67777777778
2023-10-21,27922.666666666668
2023-10-22,27935.32222222222
2023-10-23,27963.216666666667
2023-10-24,27990.716666666667
2023-10-25,28018.394444444446
2023-10-26,28044.683333333334
2023-10-27,28075.705555555556
2023-10-28,28110.294444444444
2023-10-29,28143.283333333333
2023-10-30,28173.066666666666
2023-10-31,28202.194444444445
2023-11-01,28235.38888888889
2023-11-02,28266.71111111111
2023-11-03,28304.716666666667
2023-11-04,28346.227777777778
2023-11-05,28386.87222222222
2023-11-06,28428.416666666668
2023-11-07,28478.205555555556
2023-11-08,28532.533333333333
2023-11-09,28588.75
2023-11-10,28642.672222222223
2023-11-11,28698.505555555555
2023-11-12,28753.416666666668
2023-11-13,28804.166666666668
2023-11-14,28855.5
2023-11-15,28913.044444444444
2023-11-16,28965.505555555555
2023-11-17,29018.944444444445
2023-11-18,29070.62222222222
2023-11-19,29129.422222222223
2023-11-20,29190.366666666665
2023-11-21,29246.15
2023-11-22,29305.03888888889
2023-11-23,29363.338888888888
2023-11-24,29418.294444444444
2023-11-25,29473.405555555557
2023-11-26,29528.92777777778
2023-11-27,29586.455555555556
2023-11-28,29646.76111111111
2023-11-29,29705.605555555554
2023-11-30,29767.88888888889
2023-12-01,29834.655555555557
2023-12-02,29910.966666666667
2023-12-03,29993.616666666665
2023-12-04,30079.17777777778
2023-12-05,30175.744444444445
2023-12-06,30274.583333333332
2023-12-07,30373.416666666668
2023-12-08,30474.255555555555
2023-12-09,30573.355555555554
2023-12-10,30662.505555555555
2023-12-11,30754.588888888888
2023-12-12,30842.12777777778
2023-12-13,30933.022222222222
2023-12-14,31022.483333333334
2023-12-15,31110.433333333334
2023-12-16,31193.777777777777
2023-12-17,31261.88888888889
2023-12-18,31332.827777777777
2023-12-19,31404.07222222222
2023-12-20,31476.555555555555
2023-12-21,31549.494444444445
2023-12-22,31624.15
2023-12-23,31696.816666666666
2023-12-24,31768.827777777777
2023-12-25,31836.816666666666
2023-12-26,31905.727777777778
2023-12-27,31974.705555555556
2023-12-28,32041.183333333334
2023-12-29,32104.4
2023-12-30,32168.077777777777
2023-12-31,32235.527777777777
2024-01-01,32317.794444444444
2024-01-02,32390.755555555555
2024-01-03,32463.161111111112
2024-01-04,32538.23888888889
2024-01-05,32614.166666666668
2024-01-06,32689.48888888889
2024-01-07,32768.2
2024-01-08,32857.97777777778
2024-01-09,32939.25555555556
2024-01-10,33028.85
2024-01-11,33114.944444444445
2024-01-12,33185.083333333336
2024-01-13,33256.55
2024-01-14,33326.694444444445
2024-01-15,33398.4
2024-01-16,33469.65555555555
2024-01-17,33539.84444444445
2024-01-18,33602.90555555555
2024-01-19,33671.544444444444
2024-01-20,33740.98888888889
2024-01-21,33804.99444444444
2024-01-22,33860.15
2024-01-23,33919.205555555556
2024-01-24,33978.12777777778
2024-01-25,34043.688888888886
2024-01-26,34112.73333333333
2024-01-27,34186.955555555556
2024-01-28,34258.166666666664
2024-01-29,34337.37777777778
2024-01-30,34413.61111111111
2024-01-31,34486.805555555555
2024-02-01,34564.65555555555
2024-02-02,34642.561111111114
2024-02-03,34717.805555555555
2024-02-04,34789.75555555556
2024-02-05,34864.16111111111
2024-02-06,34940.22222222222
2024-02-07,35025.61111111111
2024-02-08,35122.89444444444
2024-02-09,35222.60555555556
2024-02-10,35327.2
2024-02-11,35435.10555555556
2024-02-12,35553.85555555556
2024-02-13,35693.40555555555
2024-02-14,35838.38333333333
2024-02-15,35982.23333333333
2024-02-16,36124.78333333333
2024-02-17,36267.688888888886
2024-02-18,36412.572222222225
2024-02-19,36553.944444444445
2024-02-20,36694.33888888889
2024-02-21,36836.21666666667
2024-02-22,36975.15555555555
2024-02-23,37114.48888888889
2024-02-24,37256.40555555555
2024-02-25,37390.60555555556
2024-02-26,37554.4
2024-02-27,37739.65555555555
2024-02-28,37941.572222222225
2024-02-29,38141.85
2024-03-01,38342.46666666667
2024-03-02,38544.37222222222
2024-03-03,38763.438888888886
2024-03-04,38991.47222222222
2024-03-05,39216.5
2024-03-06,39444.21666666667
2024-03-07,39675.76111111111
2024-03-08,39913.22777777778
2024-03-09,40154.8
2024-03-10,40408.2
2024-03-11,40660.41111111111
2024-03-12,40918.316666666666
2024-03-13,41175.194444444445
2024-03-14,41406.694444444445
2024-03-15,41637.26111111111
2024-03-16,41858.4
2024-03-17,42084.02777777778
2024-03-18,42291.73888888889
2024-03-19,42495.10555555556
2024-03-20,42718.916666666664
2024-03-21,42930.65555555555
2024-03-22,43143.96666666667
2024-03-23,43360.16111111111
2024-03-24,43588.311111111114
2024-03-25,43831.63888888889
2024-03-26,44070.27222222222
2024-03-27,44312.97222222222
2024-03-28,44551.311111111114
2024-03-29,44784.427777777775
2024-03-30,45022.822222222225
2024-03-31,45256.90555555555
2024-04-01,45469.88333333333
2024-04-02,45683.10555555556
2024-04-03,45896.688888888886
2024-04-04,46117.38888888889
2024-04-05,46340.77777777778
2024-04-06,46573.88333333333
2024-04-07,46821.583333333336
2024-04-08,47064.13333333333
2024-04-09,47299.2
2024-04-10,47541.572222222225
2024-04-11,47782.455555555556
2024-04-12,48001.07777777778
2024-04-13,48200.02222222222
2024-04-14,48404.955555555556
2024-04-15,48596.9
2024-04-16,48782.21111111111
2024-04-17,48962.544444444444
2024-04-18,49153.433333333334
2024-04-19,49338.41111111111
2024-04-20,49510.166666666664
2024-04-21,49686.794444444444
2024-04-22,49865.57777777778
2024-04-23,50045.36666666667
2024-04-24,50212.811111111114
2024-04-25,50378.84444444445
2024-04-26,50537.455555555556
2024-04-27,50699.97222222222
2024-04-28,50856.7
2024-04-29,51001.188888888886
2024-04-30,51130.36111111111
2024-05-01,51261.97222222222
2024-05-02,51399.4
2024-05-03,51558.03333333333
2024-05-04,51718.316666666666
2024-05-05,51876.88333333333
2024-05-06,52026.40555555555
2024-05-07,52167.26666666667
2024-05-08,52303.205555555556
2024-05-09,52445.97777777778
2024-05-10,52579.33888888889
2024-05-11,52716.694444444445
2024-05-12,52864.71666666667
2024-05-13,53000.85555555556
2024-05-14,53147.38888888889
2024-05-15,53311.10555555556
2024-05-16,53476.28333333333
2024-05-17,53641.061111111114
2024-05-18,53806.2
2024-05-19,53975.84444444445
2024-05-20,54162.51111111111
2024-05-21,54341.188888888886
2024-05-22,54516.53333333333
2024-05-23,54683.566666666666
2024-05-24,54860.811111111114
2024-05-25,55037.16111111111
2024-05-26,55209.25555555556
2024-05-27,55378.32777777778
2024-05-28,55541.45
2024-05-29,55704.194444444445
2024-05-30,55863.05
2024-05-31,56007.794444444444
2024-06-01,56151.688888888886
2024-06-02,56291.59444444445
2024-06-03,56434.4
2024-06-04,56586.794444444444
2024-06-05,56736.72777777778
2024-06-06,56887.63333333333
2024-06-07,57039.75
2024-06-08,57194.10555555556
2024-06-09,57350.927777777775
2024-06-10,57486.833333333336
2024-06-11,57627.03888888889
2024-06-12,57766.85555555556
2024-06-13,57904.78888888889
2024-06-14,58043.48888888889
2024-06-15,58174.52777777778
2024-06-16,58304.11666666667
2024-06-17,58423.7
2024-06-18,58542.25555555556
2024-06-19,58661.177777777775
2024-06-20,58774.75
2024-06-21,58891.37222222222
2024-06-22,59011.42222222222
2024-06-23,59113.34444444445
2024-06-24,59215.35
2024-06-25,59320.63333333333
2024-06-26,59426.83888888889
2024-06-27,59531.666666666664
2024-06-28,59632.927777777775
2024-06-29,59723.03888888889
2024-06-30,59832.83888888889
2024-07-01,59940.13333333333
2024-07-02,60032.13888888889
2024-07-03,60111.71666666667
2024-07-04,60177.76111111111
2024-07-05,60244.3
2024-07-06,60303.544444444444
2024-07-07,60361.4
2024-07-08,60422.53333333333
2024-07-09,60489.42222222222
2024-07-10,60572.63333333333
2024-07-11,60653.36111111111
2024-07-12,60741.98888888889
2024-07-13,60837.166666666664
2024-07-14,60949.438888888886
2024-07-15,61071.41111111111
2024-07-16,61203.78333333333
2024-07-17,61331.28333333333
2024-07-18,61456.933333333334
2024-07-19,61600.71111111111
2024-07-20,61755.17222222222
2024-07-21,61908.83888888889
2024-07-22,62056.91111111111
2024-07-23,62195.26666666667
2024-07-24,62320.444444444445
2024-07-25,62459.311111111114
2024-07-26,62603.35
2024-07-27,62739.35
2024-07-28,62883.63333333333
2024-07-29,63018.072222222225
2024-07-30,63146.39444444444
2024-07-31,63264.60555555556
2024-08-01,63383.25555555556
2024-08-02,63487.60555555556
2024-08-03,63585.82777777778
2024-08-04,63645.83888888889
2024-08-05,63707.55
2024-08-06,63762.02777777778
2024-08-07,63818.38333333333
2024-08-08,63887.97777777778
2024-08-09,63956.91111111111
2024-08-10,64016.63888888889
2024-08-11,64057.95
2024-08-12,64098.76666666667
2024-08-13,64147.294444444444
2024-08-14,64184.438888888886
2024-08-15,64221.455555555556
2024-08-16,64261.183333333334
2024-08-17,64304.55
2024-08-18,64344.85
2024-08-19,64394.5
2024-08-20,64441.46666666667
2024-08-21,64494.6
2024-08-22,64547.33888888889
2024-08-23,64617.205555555556
2024-08-24,64658.705555555556
2024-08-25,64683.26666666667
2024-08-26,64684.48888888889
2024-08-27,64669.544444444444
2024-08-28,64655.811111111114
2024-08-29,64639.572222222225
2024-08-30,64605.87222222222
2024-08-31,64558.066666666666
2024-09-01,64513.37222222222
2024-09-02,64469.166666666664
2024-09-03,64409.49444444444
2024-09-04,64344.705555555556
2024-09-05,64268.933333333334
2024-09-06,64171.77777777778
2024-09-07,64074.73888888889
2024-09-08,63976.572222222225
2024-09-09,63889.13333333333
2024-09-10,63825.927777777775
2024-09-11,63769.188888888886
2024-09-12,63720.24444444444
2024-09-13,63677.26111111111
2024-09-14,63655.055555555555
2024-09-15,63628.45
2024-09-16,63585.62222222222
2024-09-17,63560.63333333333
2024-09-18,63550.08888888889
2024-09-19,63539.22222222222
2024-09-20,63515.88888888889
2024-09-21,63475.16111111111
2024-09-22,63439.42222222222
2024-09-23,63399.63333333333
2024-09-24,63364.677777777775
2024-09-25,63333.427777777775
2024-09-26,63307.188888888886
2024-09-27,63285.46111111111
2024-09-28,63284.055555555555
2024-09-29,63271.75555555556
2024-09-30,63254.9
2024-10-01,63219.916666666664
2024-10-02,63179.811111111114
2024-10-03,63135.71666666667
2024-10-04,63082.48888888889
2024-10-05,63036.333333333336
2024-10-06,63004.85
2024-10-07,62959.86666666667
2024-10-08,62914.38888888889
2024-10-09,62878.13333333333
2024-10-10,62861.044444444444
2024-10-11,62848.28333333333
2024-10-12,62846.78333333333
2024-10-13,62857.705555555556
2024-10-14,62877.67222222222
2024-10-15,62896.03888888889
2024-10-16,62914.10555555556
2024-10-17,62930.86111111111
2024-10-18,62943.12777777778
2024-10-19,62953.88333333333
2024-10-20,62964.15555555555
2024-10-21,62981.42222222222
2024-10-22,62994.38888888889
2024-10-23,63018.55
2024-10-24,63041.1
2024-10-25,63064.944444444445
2024-10-26,63097.76666666667
2024-10-27,63157.683333333334
2024-10-28,63228.88333333333
2024-10-29,63298.10555555556
2024-10-30,63345.944444444445
2024-10-31,63377.811111111114
2024-11-01,63409.03333333333
2024-11-02,63436.305555555555
2024-11-03,63471.21111111111
2024-11-04,63511.63888888889
2024-11-05,63575.71111111111
2024-11-06,63655.25
2024-11-07,63738.53888888889
2024-11-08,63814.58888888889
2024-11-09,63913.03333333333
2024-11-10,64020.061111111114
2024-11-11,64143.57777777778
2024-11-12,64264.61666666667
2024-11-13,64392.0
2024-11-14,64515.72777777778
2024-11-15,64649.433333333334
2024-11-16,64757.88333333333
2024-11-17,64873.95
2024-11-18,64998.96111111111
2024-11-19,65142.05
2024-11-20,65299.99444444444
2024-11-21,65466.01111111111
2024-11-22,65630.73888888888
2024-11-23,65795.30555555556
2024-11-24,65961.26111111112
2024-11-25,66100.67222222222
2024-11-26,66241.96111111112
2024-11-27,66396.01666666666
2024-11-28,66558.43333333333
2024-11-29,66712.1888888889
2024-11-30,66866.82777777778
2024-12-01,67004.6888888889
2024-12-02,67141.5611111111
2024-12-03,67282.12222222223
2024-12-04,67462.57777777778
2024-12-05,67623.46666666666
2024-12-06,67791.16666666667
2024-12-07,67972.11111111111
2024-12-08,68142.98888888888
2024-12-09,68307.62222222223
2024-12-10,68483.00555555556
2024-12-11,68675.37777777777
2024-12-12,68863.11111111111
2024-12-13,69058.99444444444
2024-12-14,69266.16111111111
2024-12-15,69488.42777777778
2024-12-16,69719.45555555556
2024-12-17,69942.07222222222
2024-12-18,70144.84444444445
2024-12-19,70326.03333333334
2024-12-20,70527.06666666667
2024-12-21,70721.51111111112
2024-12-22,70907.06666666667
2024-12-23,71091.45
2024-12-24,71296.95
2024-12-25,71491.07222222222
2024-12-26,71681.56666666667
2024-12-27,71856.12222222223
2024-12-28,72035.46666666666
2024-12-29,72219.67222222222
2024-12-30,72416.75555555556
2024-12-31,72626.26111111112
2025-01-01,72847.08333333333
2025-01-02,73066.52222222222
2025-01-03,73298.39444444445
2025-01-04,73524.21111111112
2025-01-05,73755.51111111112
2025-01-06,73994.55
2025-01-07,74205.97777777778
2025-01-08,74399.72222222222
2025-01-09,74591.25
2025-01-10,74765.99444444444
2025-01-11,74932.77777777778
2025-01-12,75087.86666666667
2025-01-13,75263.30555555556
2025-01-14,75446.72222222222
2025-01-15,75629.47222222222
2025-01-16,75825.27222222222
2025-01-17,76026.90555555555
2025-01-18,76238.97222222222
2025-01-19,76448.60555555555
2025-01-20,76666.6
2025-01-21,76875.95555555556
2025-01-22,77068.06666666667
2025-01-23,77275.1
2025-01-24,77474.1
2025-01-25,77688.07777777778
2025-01-26,77878.65555555555
2025-01-27,78091.22777777778
2025-01-28,78302.80555555556
2025-01-29,78545.45
2025-01-30,78788.83888888889
2025-01-31,79056.6
2025-02-01,79297.53888888888
2025-02-02,79513.25555555556
2025-02-03,79745.60555555555
2025-02-04,79952.08333333333
2025-02-05,80155.64444444445
2025-02-06,80359.83888888889
2025-02-07,80567.65555555555
2025-02-08,80773.75555555556
2025-02-09,80977.05
2025-02-10,81195.01666666666
2025-02-11,81404.51111111112
2025-02-12,81609.64444444445
2025-02-13,81816.86666666667
2025-02-14,82033.39444444445
2025-02-15,82237.33333333333
2025-02-16,82440.97777777778
2025-02-17,82634.94444444444
2025-02-18,82828.67777777778
2025-02-19,83012.91666666667
2025-02-20,83202.42222222222
2025-02-21,83384.51666666666
2025-02-22,83572.07777777778
2025-02-23,83773.5
2025-02-24,83936.97222222222
2025-02-25,84098.41111111111
2025-02-26,84242.38888888889
2025-02-27,84373.36666666667
2025-02-28,84521.90555555555
2025-03-01,84673.02222222222
2025-03-02,84868.63333333333
2025-03-03,85019.55
2025-03-04,85202.01666666666
2025-03-05,85404.4
2025-03-06,85591.92777777778
2025-03-07,85763.72777777778
2025-03-08,85917.35555555555
2025-03-09,86054.66666666667
2025-03-10,86183.04444444444
2025-03-11,86318.92777777778
2025-03-12,86445.73888888888
2025-03-13,86573.86111111111
2025-03-14,86717.62777777777
2025-03-15,86854.62777777777
2025-03-16,86984.03333333334
2025-03-17,87095.07777777778
2025-03-18,87208.95
2025-03-19,87333.25555555556
2025-03-20,87450.71666666666
2025-03-21,87565.92222222222
2025-03-22,87684.03333333334
2025-03-23,87815.62222222223
2025-03-24,87943.30555555556
2025-03-25,88063.40555555555
2025-03-26,88183.25555555556
2025-03-27,88290.64444444445
2025-03-28,88395.51666666666
2025-03-29,88504.23888888888
2025-03-30,88619.9388888889
2025-03-31,88749.26666666666
2025-04-01,88879.57777777778
2025-04-02,88994.92777777778
2025-04-03,89112.0
2025-04-04,89222.91111111111
2025-04-05,89335.84444444445
2025-04-06,89424.67222222222
2025-04-07,89526.92222222222
2025-04-08,89616.45
2025-04-09,89719.86666666667
2025-04-10,89827.41111111111
2025-04-11,89932.13888888889
2025-04-12,90035.79444444444
2025-04-13,90130.58333333333
2025-04-14,90230.05
2025-04-15,90318.27777777778
2025-04-16,90408.72222222222
2025-04-17,90498.57777777778
2025-04-18,90592.66111111111
2025-04-19,90689.20555555556
2025-04-20,90804.62777777777
2025-04-21,90922.80555555556
2025-04-22,91066.58888888889
2025-04-23,91211.81666666667
2025-04-24,91362.76666666666
2025-04-25,91506.01666666666
2025-04-26,91632.93333333333
2025-04-27,91756.30555555556
2025-04-28,91882.66666666667
2025-04-29,92022.11111111111
2025-04-30,92170.29444444444
2025-05-01,92328.81666666667
2025-05-02,92482.75
2025-05-03,92631.61111111111
2025-05-04,92743.01111111112
2025-05-05,92849.89444444445
2025-05-06,92965.42777777778
2025-05-07,93093.81666666667
2025-05-08,93224.23888888888
2025-05-09,93343.21666666666
2025-05-10,93432.03333333334
2025-05-11,93519.76666666666
2025-05-12,93595.43333333333
2025-05-13,93675.23888888888
2025-05-14,93740.41111111111
2025-05-15,93814.83333333333
2025-05-16,93883.76111111112
2025-05-17,93950.85
2025-05-18,94011.50555555556
2025-05-19,94057.32777777778
2025-05-20,94102.91666666667
2025-05-21,94172.3111111111
2025-05-22,94239.52777777778
2025-05-23,94299.93333333333
2025-05-24,94380.03888888888
2025-05-25,94469.48888888888
2025-05-26,94548.48333333334
2025-05-27,94613.81666666667
2025-05-28,94675.3
2025-05-29,94722.22222222222
2025-05-30,94767.61111111111
2025-05-31,94817.10555555555
2025-06-01,94864.44444444444
2025-06-02,94885.3111111111
2025-06-03,94924.57222222222
