"Time","BTC"
2019-10-04 21:00:00,8130
2019-10-05 21:00:00,8130
2019-10-06 21:00:00,8130
2019-10-07 21:00:00,8130
2019-10-08 21:00:00,8130
2019-10-09 21:00:00,8130
2019-10-10 21:00:00,8130
2019-10-11 21:00:00,8130
2019-10-12 21:00:00,8130
2019-10-13 21:00:00,8130
2019-10-14 21:00:00,8130
2019-10-15 21:00:00,8130
2019-10-16 21:00:00,8130
2019-10-17 21:00:00,8130
2019-10-18 21:00:00,8130
2019-10-19 21:00:00,8130
2019-10-20 21:00:00,8130
2019-10-21 21:00:00,8130
2019-10-22 21:00:00,8130
2019-10-23 21:00:00,7471
2019-10-24 21:00:00,7625
2019-10-25 21:00:00,9253
2019-10-26 21:00:00,9396
2019-10-27 21:00:00,9441
2019-10-28 21:00:00,9433
2019-10-29 21:00:00,9211
2019-10-30 21:00:00,9175
2019-10-31 21:00:00,9166
2019-11-01 21:00:00,9299
2019-11-02 21:00:00,9210
2019-11-03 21:00:00,9275
2019-11-04 21:00:00,9367
2019-11-05 21:00:00,9354
2019-11-06 21:00:00,9236
2019-11-07 21:00:00,9021
2019-11-08 21:00:00,8827
2019-11-09 21:00:00,8859
2019-11-10 21:00:00,8754
2019-11-11 21:00:00,8761
2019-11-12 21:00:00,8769
2019-11-13 21:00:00,8666
2019-11-14 21:00:00,8562
2019-11-15 21:00:00,8497
2019-11-16 21:00:00,8550
2019-11-17 21:00:00,8458
2019-11-18 21:00:00,8143
2019-11-19 21:00:00,8122
2019-11-20 21:00:00,7895
2019-11-21 21:00:00,7351
2019-11-22 21:00:00,7271
2019-11-23 21:00:00,7202
2019-11-24 21:00:00,6942
2019-11-25 21:00:00,7169
2019-11-26 21:00:00,7198
2019-11-27 21:00:00,7609
2019-11-28 21:00:00,7584
2019-11-29 21:00:00,7720
2019-11-30 21:00:00,7356
2019-12-01 21:00:00,7331
2019-12-02 21:00:00,7337
2019-12-03 21:00:00,7237
2019-12-04 21:00:00,7363
2019-12-05 21:00:00,7413
2019-12-06 21:00:00,7554
2019-12-07 21:00:00,7543
2019-12-08 21:00:00,7503
2019-12-09 21:00:00,7349
2019-12-10 21:00:00,7229
2019-12-11 21:00:00,7156
2019-12-12 21:00:00,7221
2019-12-13 21:00:00,7180
2019-12-14 21:00:00,7100
2019-12-15 21:00:00,7066
2019-12-16 21:00:00,6865
2019-12-17 21:00:00,6669
2019-12-18 21:00:00,7150
2019-12-19 21:00:00,7148
2019-12-20 21:00:00,7146
2019-12-21 21:00:00,7170
2019-12-22 21:00:00,7532
2019-12-23 21:00:00,7308
2019-12-24 21:00:00,7223
2019-12-25 21:00:00,7201
2019-12-26 21:00:00,7194
2019-12-27 21:00:00,7297
2019-12-28 21:00:00,7330
2019-12-29 21:00:00,7302
2019-12-30 21:00:00,7213
2019-12-31 21:00:00,7200
2020-01-01 21:00:00,7110
2020-01-02 21:00:00,7287
2020-01-03 21:00:00,7322
2020-01-04 21:00:00,7439
2020-01-05 21:00:00,7530
2020-01-06 21:00:00,7891
2020-01-07 21:00:00,8300
2020-01-08 21:00:00,7901
2020-01-09 21:00:00,7831
2020-01-10 21:00:00,8105
2020-01-11 21:00:00,8114
2020-01-12 21:00:00,8092
2020-01-13 21:00:00,8527
2020-01-14 21:00:00,8755
2020-01-15 21:00:00,8674
2020-01-16 21:00:00,8875
2020-01-17 21:00:00,8892
2020-01-18 21:00:00,8714
2020-01-19 21:00:00,8650
2020-01-20 21:00:00,8639
2020-01-21 21:00:00,8645
2020-01-22 21:00:00,8401
2020-01-23 21:00:00,8385
2020-01-24 21:00:00,8318
2020-01-25 21:00:00,8432
2020-01-26 21:00:00,8699
2020-01-27 21:00:00,9037
2020-01-28 21:00:00,9335
2020-01-29 21:00:00,9340
2020-01-30 21:00:00,9334
2020-01-31 21:00:00,9375
2020-02-01 21:00:00,9402
2020-02-02 21:00:00,9327
2020-02-03 21:00:00,9189
2020-02-04 21:00:00,9394
2020-02-05 21:00:00,9674
2020-02-06 21:00:00,9777
2020-02-07 21:00:00,9815
2020-02-08 21:00:00,10096
2020-02-09 21:00:00,9880
2020-02-10 21:00:00,9816
2020-02-11 21:00:00,10343
2020-02-12 21:00:00,10247
2020-02-13 21:00:00,10256
2020-02-14 21:00:00,10237
2020-02-15 21:00:00,9929
2020-02-16 21:00:00,9696
2020-02-17 21:00:00,9790
2020-02-18 21:00:00,10143
2020-02-19 21:00:00,9583
2020-02-20 21:00:00,9695
2020-02-21 21:00:00,9662
2020-02-22 21:00:00,9898
2020-02-23 21:00:00,9754
2020-02-24 21:00:00,9541
2020-02-25 21:00:00,9133
2020-02-26 21:00:00,8800
2020-02-27 21:00:00,8683
2020-02-28 21:00:00,8679
2020-02-29 21:00:00,8561
2020-03-01 21:00:00,8743
2020-03-02 21:00:00,8786
2020-03-03 21:00:00,8748
2020-03-04 21:00:00,9071
2020-03-05 21:00:00,9106
2020-03-06 21:00:00,9110
2020-03-07 21:00:00,8729
2020-03-08 21:00:00,7866
2020-03-09 21:00:00,7928
2020-03-10 21:00:00,7850
2020-03-11 21:00:00,6147
2020-03-12 21:00:00,5331
2020-03-13 21:00:00,5407
2020-03-14 21:00:00,5287
2020-03-15 21:00:00,4994
2020-03-16 21:00:00,5308
2020-03-17 21:00:00,5324
2020-03-18 21:00:00,5633
2020-03-19 21:00:00,6268
2020-03-20 21:00:00,6177
2020-03-21 21:00:00,6122
2020-03-22 21:00:00,6074
2020-03-23 21:00:00,6650
2020-03-24 21:00:00,6659
2020-03-25 21:00:00,6663
2020-03-26 21:00:00,6675
2020-03-27 21:00:00,6240
2020-03-28 21:00:00,6127
2020-03-29 21:00:00,6328
2020-03-30 21:00:00,6457
2020-03-31 21:00:00,6304
2020-04-01 21:00:00,6671
2020-04-02 21:00:00,6791
2020-04-03 21:00:00,6756
2020-04-04 21:00:00,6790
2020-04-05 21:00:00,7115
2020-04-06 21:00:00,7338
2020-04-07 21:00:00,7317
2020-04-08 21:00:00,7310
2020-04-09 21:00:00,6925
2020-04-10 21:00:00,6879
2020-04-11 21:00:00,6888
2020-04-12 21:00:00,6726
2020-04-13 21:00:00,6884
2020-04-14 21:00:00,6778
2020-04-15 21:00:00,7012
2020-04-16 21:00:00,7071
2020-04-17 21:00:00,7112
2020-04-18 21:00:00,7162
2020-04-19 21:00:00,7078
2020-04-20 21:00:00,6871
2020-04-21 21:00:00,6966
2020-04-22 21:00:00,7167
2020-04-23 21:00:00,7519
2020-04-24 21:00:00,7546
2020-04-25 21:00:00,7580
2020-04-26 21:00:00,7711
2020-04-27 21:00:00,7733
2020-04-28 21:00:00,8157
2020-04-29 21:00:00,8837
2020-04-30 21:00:00,8768
2020-05-01 21:00:00,8863
2020-05-02 21:00:00,8971
2020-05-03 21:00:00,8762
2020-05-04 21:00:00,8906
2020-05-05 21:00:00,9226
2020-05-06 21:00:00,9326
2020-05-07 21:00:00,9929
2020-05-08 21:00:00,9710
2020-05-09 21:00:00,8701
2020-05-10 21:00:00,8691
2020-05-11 21:00:00,8769
2020-05-12 21:00:00,9013
2020-05-13 21:00:00,9639
2020-05-14 21:00:00,9519
2020-05-15 21:00:00,9407
2020-05-16 21:00:00,9558
2020-05-17 21:00:00,9702
2020-05-18 21:00:00,9671
2020-05-19 21:00:00,9734
2020-05-20 21:00:00,9341
2020-05-21 21:00:00,9150
2020-05-22 21:00:00,9197
2020-05-23 21:00:00,9151
2020-05-24 21:00:00,8798
2020-05-25 21:00:00,8859
2020-05-26 21:00:00,9116
2020-05-27 21:00:00,9263
2020-05-28 21:00:00,9440
2020-05-29 21:00:00,9527
2020-05-30 21:00:00,9556
2020-05-31 21:00:00,9554
2020-06-01 21:00:00,10094
2020-06-02 21:00:00,9561
2020-06-03 21:00:00,9667
2020-06-04 21:00:00,9735
2020-06-05 21:00:00,9638
2020-06-06 21:00:00,9656
2020-06-07 21:00:00,9725
2020-06-08 21:00:00,9706
2020-06-09 21:00:00,9771
2020-06-10 21:00:00,9777
2020-06-11 21:00:00,9422
2020-06-12 21:00:00,9432
2020-06-13 21:00:00,9410
2020-06-14 21:00:00,9238
2020-06-15 21:00:00,9499
2020-06-16 21:00:00,9447
2020-06-17 21:00:00,9412
2020-06-18 21:00:00,9320
2020-06-19 21:00:00,9302
2020-06-20 21:00:00,9350
2020-06-21 21:00:00,9455
2020-06-22 21:00:00,9639
2020-06-23 21:00:00,9373
2020-06-24 21:00:00,9252
2020-06-25 21:00:00,9182
2020-06-26 21:00:00,9137
2020-06-27 21:00:00,9058
2020-06-28 21:00:00,9110
2020-06-29 21:00:00,9149
2020-06-30 21:00:00,9162
2020-07-01 21:00:00,9196
2020-07-02 21:00:00,9097
2020-07-03 21:00:00,9083
2020-07-04 21:00:00,9044
2020-07-05 21:00:00,9220
2020-07-06 21:00:00,9262
2020-07-07 21:00:00,9303
2020-07-08 21:00:00,9379
2020-07-09 21:00:00,9208
2020-07-10 21:00:00,9228
2020-07-11 21:00:00,9258
2020-07-12 21:00:00,9281
2020-07-13 21:00:00,9220
2020-07-14 21:00:00,9225
2020-07-15 21:00:00,9122
2020-07-16 21:00:00,9139
2020-07-17 21:00:00,9169
2020-07-18 21:00:00,9156
2020-07-19 21:00:00,9181
2020-07-20 21:00:00,9347
2020-07-21 21:00:00,9357
2020-07-22 21:00:00,9520
2020-07-23 21:00:00,9555
2020-07-24 21:00:00,9600
2020-07-25 21:00:00,9889
2020-07-26 21:00:00,10286
2020-07-27 21:00:00,10979
2020-07-28 21:00:00,11094
2020-07-29 21:00:00,11019
2020-07-30 21:00:00,11171
2020-07-31 21:00:00,11649
2020-08-01 21:00:00,11240
2020-08-02 21:00:00,11222
2020-08-03 21:00:00,11246
2020-08-04 21:00:00,11426
2020-08-05 21:00:00,11748
2020-08-06 21:00:00,11762
2020-08-07 21:00:00,11690
2020-08-08 21:00:00,11677
2020-08-09 21:00:00,11897
2020-08-10 21:00:00,11710
2020-08-11 21:00:00,11497
2020-08-12 21:00:00,11535
2020-08-13 21:00:00,11750
2020-08-14 21:00:00,11878
2020-08-15 21:00:00,11857
2020-08-16 21:00:00,11889
2020-08-17 21:00:00,12226
2020-08-18 21:00:00,11770
2020-08-19 21:00:00,11802
2020-08-20 21:00:00,11752
2020-08-21 21:00:00,11583
2020-08-22 21:00:00,11628
2020-08-23 21:00:00,11753
2020-08-24 21:00:00,11560
2020-08-25 21:00:00,11393
2020-08-26 21:00:00,11356
2020-08-27 21:00:00,11449
2020-08-28 21:00:00,11508
2020-08-29 21:00:00,11613
2020-08-30 21:00:00,11690
2020-08-31 21:00:00,11914
2020-09-01 21:00:00,11442
2020-09-02 21:00:00,11239
2020-09-03 21:00:00,10411
2020-09-04 21:00:00,10295
2020-09-05 21:00:00,10213
2020-09-06 21:00:00,10165
2020-09-07 21:00:00,10129
2020-09-08 21:00:00,10199
2020-09-09 21:00:00,10342
2020-09-10 21:00:00,10303
2020-09-11 21:00:00,10358
2020-09-12 21:00:00,10347
2020-09-13 21:00:00,10468
2020-09-14 21:00:00,10772
2020-09-15 21:00:00,10901
2020-09-16 21:00:00,10894
2020-09-17 21:00:00,10925
2020-09-18 21:00:00,11033
2020-09-19 21:00:00,10931
2020-09-20 21:00:00,10614
2020-09-21 21:00:00,10468
2020-09-22 21:00:00,10471
2020-09-23 21:00:00,10378
2020-09-24 21:00:00,10676
2020-09-25 21:00:00,10721
2020-09-26 21:00:00,10731
2020-09-27 21:00:00,10882
2020-09-28 21:00:00,10730
2020-09-29 21:00:00,10738
2020-09-30 21:00:00,10817
2020-10-01 21:00:00,10535
2020-10-02 21:00:00,10549
2020-10-03 21:00:00,10605
2020-10-04 21:00:00,10703
2020-10-05 21:00:00,10724
2020-10-06 21:00:00,10620
2020-10-07 21:00:00,10650
2020-10-08 21:00:00,11039
2020-10-09 21:00:00,11360
2020-10-10 21:00:00,11359
2020-10-11 21:00:00,11398
2020-10-12 21:00:00,11459
2020-10-13 21:00:00,11406
2020-10-14 21:00:00,11400
2020-10-15 21:00:00,11344
2020-10-16 21:00:00,11348
2020-10-17 21:00:00,11440
2020-10-18 21:00:00,11511
2020-10-19 21:00:00,11832
2020-10-20 21:00:00,12308
2020-10-21 21:00:00,12925
2020-10-22 21:00:00,12944
2020-10-23 21:00:00,12996
2020-10-24 21:00:00,13023
2020-10-25 21:00:00,13078
2020-10-26 21:00:00,13395
2020-10-27 21:00:00,13387
2020-10-28 21:00:00,13278
2020-10-29 21:00:00,13460
2020-10-30 21:00:00,13788
2020-10-31 21:00:00,13768
2020-11-01 21:00:00,13593
2020-11-02 21:00:00,13565
2020-11-03 21:00:00,13881
2020-11-04 21:00:00,14695
2020-11-05 21:00:00,15541
2020-11-06 21:00:00,15497
2020-11-07 21:00:00,15160
2020-11-08 21:00:00,15406
2020-11-09 21:00:00,15324
2020-11-10 21:00:00,15590
2020-11-11 21:00:00,15916
2020-11-12 21:00:00,16286
2020-11-13 21:00:00,16008
2020-11-14 21:00:00,16003
2020-11-15 21:00:00,16315
2020-11-16 21:00:00,16961
2020-11-17 21:00:00,17828
2020-11-18 21:00:00,17884
2020-11-19 21:00:00,18293
2020-11-20 21:00:00,18702
2020-11-21 21:00:00,18501
2020-11-22 21:00:00,18434
2020-11-23 21:00:00,18997
2020-11-24 21:00:00,19053
2020-11-25 21:00:00,17209
2020-11-26 21:00:00,17010
2020-11-27 21:00:00,17176
2020-11-28 21:00:00,18076
2020-11-29 21:00:00,18668
2020-11-30 21:00:00,19387
2020-12-01 21:00:00,18988
2020-12-02 21:00:00,19344
2020-12-03 21:00:00,19055
2020-12-04 21:00:00,19041
2020-12-05 21:00:00,19160
2020-12-06 21:00:00,19222
2020-12-07 21:00:00,18887
2020-12-08 21:00:00,18266
2020-12-09 21:00:00,18340
2020-12-10 21:00:00,17950
2020-12-11 21:00:00,18410
2020-12-12 21:00:00,19181
2020-12-13 21:00:00,19165
2020-12-14 21:00:00,19383
2020-12-15 21:00:00,19763
2020-12-16 21:00:00,22719
2020-12-17 21:00:00,22908
2020-12-18 21:00:00,23136
2020-12-19 21:00:00,23558
2020-12-20 21:00:00,23152
2020-12-21 21:00:00,23060
2020-12-22 21:00:00,23554
2020-12-23 21:00:00,23220
2020-12-24 21:00:00,24084
2020-12-25 21:00:00,24886
2020-12-26 21:00:00,26905
2020-12-27 21:00:00,26992
2020-12-28 21:00:00,26688
2020-12-29 21:00:00,28047
2020-12-30 21:00:00,28950
2020-12-31 21:00:00,29300
2021-01-01 21:00:00,29889
2021-01-02 21:00:00,33615
2021-01-03 21:00:00,31703
2021-01-04 21:00:00,32070
2021-01-05 21:00:00,34866
2021-01-06 21:00:00,37694
2021-01-07 21:00:00,39874
2021-01-08 21:00:00,40481
2021-01-09 21:00:00,39903
2021-01-10 21:00:00,34412
2021-01-11 21:00:00,34842
2021-01-12 21:00:00,34622
2021-01-13 21:00:00,38406
2021-01-14 21:00:00,37858
2021-01-15 21:00:00,36955
2021-01-16 21:00:00,35759
2021-01-17 21:00:00,36100
2021-01-18 21:00:00,36858
2021-01-19 21:00:00,35054
2021-01-20 21:00:00,32555
2021-01-21 21:00:00,31802
2021-01-22 21:00:00,32324
2021-01-23 21:00:00,32221
2021-01-24 21:00:00,33326
2021-01-25 21:00:00,32009
2021-01-26 21:00:00,31217
2021-01-27 21:00:00,31548
2021-01-28 21:00:00,34648
2021-01-29 21:00:00,34166
2021-01-30 21:00:00,33611
2021-01-31 21:00:00,33721
2021-02-01 21:00:00,34861
2021-02-02 21:00:00,36605
2021-02-03 21:00:00,37590
2021-02-04 21:00:00,37650
2021-02-05 21:00:00,39887
2021-02-06 21:00:00,38663
2021-02-07 21:00:00,39434
2021-02-08 21:00:00,46685
2021-02-09 21:00:00,46054
2021-02-10 21:00:00,46334
2021-02-11 21:00:00,47607
2021-02-12 21:00:00,47210
2021-02-13 21:00:00,48828
2021-02-14 21:00:00,47923
2021-02-15 21:00:00,48967
2021-02-16 21:00:00,51094
2021-02-17 21:00:00,51922
2021-02-18 21:00:00,52693
2021-02-19 21:00:00,56159
2021-02-20 21:00:00,57188
2021-02-21 21:00:00,54598
2021-02-22 21:00:00,48452
2021-02-23 21:00:00,49837
2021-02-24 21:00:00,50116
2021-02-25 21:00:00,46640
2021-02-26 21:00:00,47183
2021-02-27 21:00:00,44860
2021-02-28 21:00:00,47766
2021-03-01 21:00:00,48794
2021-03-02 21:00:00,50805
2021-03-03 21:00:00,49420
2021-03-04 21:00:00,47401
2021-03-05 21:00:00,48474
2021-03-06 21:00:00,50474
2021-03-07 21:00:00,50806
2021-03-08 21:00:00,54093
2021-03-09 21:00:00,55500
2021-03-10 21:00:00,56151
2021-03-11 21:00:00,56888
2021-03-12 21:00:00,59660
2021-03-13 21:00:00,60380
2021-03-14 21:00:00,56740
2021-03-15 21:00:00,55435
2021-03-16 21:00:00,55823
2021-03-17 21:00:00,58414
2021-03-18 21:00:00,58396
2021-03-19 21:00:00,58731
2021-03-20 21:00:00,57299
2021-03-21 21:00:00,57120
2021-03-22 21:00:00,54691
2021-03-23 21:00:00,55293
2021-03-24 21:00:00,52263
2021-03-25 21:00:00,53304
2021-03-26 21:00:00,55002
2021-03-27 21:00:00,55939
2021-03-28 21:00:00,57518
2021-03-29 21:00:00,58685
2021-03-30 21:00:00,58774
2021-03-31 21:00:00,58896
2021-04-01 21:00:00,59398
2021-04-02 21:00:00,59244
2021-04-03 21:00:00,57700
2021-04-04 21:00:00,57965
2021-04-05 21:00:00,58529
2021-04-06 21:00:00,56793
2021-04-07 21:00:00,57117
2021-04-08 21:00:00,58194
2021-04-09 21:00:00,60150
2021-04-10 21:00:00,59709
2021-04-11 21:00:00,60018
2021-04-12 21:00:00,62748
2021-04-13 21:00:00,63408
2021-04-14 21:00:00,62883
2021-04-15 21:00:00,61623
2021-04-16 21:00:00,61132
2021-04-17 21:00:00,55750
2021-04-18 21:00:00,56561
2021-04-19 21:00:00,55559
2021-04-20 21:00:00,55486
2021-04-21 21:00:00,54144
2021-04-22 21:00:00,49858
2021-04-23 21:00:00,50090
2021-04-24 21:00:00,49760
2021-04-25 21:00:00,53366
2021-04-26 21:00:00,54777
2021-04-27 21:00:00,54781
2021-04-28 21:00:00,53940
2021-04-29 21:00:00,54600
2021-04-30 21:00:00,57780
2021-05-01 21:00:00,56813
2021-05-02 21:00:00,57952
2021-05-03 21:00:00,55669
2021-05-04 21:00:00,55435
2021-05-05 21:00:00,57005
2021-05-06 21:00:00,56631
2021-05-07 21:00:00,58672
2021-05-08 21:00:00,58018
2021-05-09 21:00:00,58014
2021-05-10 21:00:00,55771
2021-05-11 21:00:00,56484
2021-05-12 21:00:00,50022
2021-05-13 21:00:00,50236
2021-05-14 21:00:00,48858
2021-05-15 21:00:00,48116
2021-05-16 21:00:00,44480
2021-05-17 21:00:00,44385
2021-05-18 21:00:00,39282
2021-05-19 21:00:00,39964
2021-05-20 21:00:00,39947
2021-05-21 21:00:00,37702
2021-05-22 21:00:00,34813
2021-05-23 21:00:00,37384
2021-05-24 21:00:00,38075
2021-05-25 21:00:00,39229
2021-05-26 21:00:00,38831
2021-05-27 21:00:00,36653
2021-05-28 21:00:00,35100
2021-05-29 21:00:00,35716
2021-05-30 21:00:00,36683
2021-05-31 21:00:00,36487
2021-06-01 21:00:00,37315
2021-06-02 21:00:00,38695
2021-06-03 21:00:00,36959
2021-06-04 21:00:00,36186
2021-06-05 21:00:00,35979
2021-06-06 21:00:00,36139
2021-06-07 21:00:00,32879
2021-06-08 21:00:00,34721
2021-06-09 21:00:00,36879
2021-06-10 21:00:00,37036
2021-06-11 21:00:00,35685
2021-06-12 21:00:00,35864
2021-06-13 21:00:00,39516
2021-06-14 21:00:00,40178
2021-06-15 21:00:00,39261
2021-06-16 21:00:00,38776
2021-06-17 21:00:00,37466
2021-06-18 21:00:00,35781
2021-06-19 21:00:00,35387
2021-06-20 21:00:00,32755
2021-06-21 21:00:00,32444
2021-06-22 21:00:00,33869
2021-06-23 21:00:00,33759
2021-06-24 21:00:00,33412
2021-06-25 21:00:00,31553
2021-06-26 21:00:00,33014
2021-06-27 21:00:00,34450
2021-06-28 21:00:00,35659
2021-06-29 21:00:00,34849
2021-06-30 21:00:00,33525
2021-07-01 21:00:00,33303
2021-07-02 21:00:00,34566
2021-07-03 21:00:00,35460
2021-07-04 21:00:00,34137
2021-07-05 21:00:00,34028
2021-07-06 21:00:00,34627
2021-07-07 21:00:00,32850
2021-07-08 21:00:00,33050
2021-07-09 21:00:00,33734
2021-07-10 21:00:00,33754
2021-07-11 21:00:00,33648
2021-07-12 21:00:00,32849
2021-07-13 21:00:00,32524
2021-07-14 21:00:00,31876
2021-07-15 21:00:00,31821
2021-07-16 21:00:00,31552
2021-07-17 21:00:00,31710
2021-07-18 21:00:00,31268
2021-07-19 21:00:00,29727
2021-07-20 21:00:00,31503
2021-07-21 21:00:00,32141
2021-07-22 21:00:00,32452
2021-07-23 21:00:00,33848
2021-07-24 21:00:00,34413
2021-07-25 21:00:00,38344
2021-07-26 21:00:00,37648
2021-07-27 21:00:00,39853
2021-07-28 21:00:00,39842
2021-07-29 21:00:00,39712
2021-07-30 21:00:00,41640
2021-07-31 21:00:00,41594
2021-08-01 21:00:00,39664
2021-08-02 21:00:00,38440
2021-08-03 21:00:00,38427
2021-08-04 21:00:00,39346
2021-08-05 21:00:00,40851
2021-08-06 21:00:00,43521
2021-08-07 21:00:00,44339
2021-08-08 21:00:00,45581
2021-08-09 21:00:00,45594
2021-08-10 21:00:00,46136
2021-08-11 21:00:00,44828
2021-08-12 21:00:00,46362
2021-08-13 21:00:00,47000
2021-08-14 21:00:00,46321
2021-08-15 21:00:00,47178
2021-08-16 21:00:00,45991
2021-08-17 21:00:00,45131
2021-08-18 21:00:00,44844
2021-08-19 21:00:00,47228
2021-08-20 21:00:00,49016
2021-08-21 21:00:00,48925
2021-08-22 21:00:00,49910
2021-08-23 21:00:00,49120
2021-08-24 21:00:00,48245
2021-08-25 21:00:00,47050
2021-08-26 21:00:00,47455
2021-08-27 21:00:00,48942
2021-08-28 21:00:00,48558
2021-08-29 21:00:00,48032
2021-08-30 21:00:00,47252
2021-08-31 21:00:00,47549
2021-09-01 21:00:00,49666
2021-09-02 21:00:00,49968
2021-09-03 21:00:00,50086
2021-09-04 21:00:00,50190
2021-09-05 21:00:00,51752
2021-09-06 21:00:00,51001
2021-09-07 21:00:00,46323
2021-09-08 21:00:00,46326
2021-09-09 21:00:00,46047
2021-09-10 21:00:00,45358
2021-09-11 21:00:00,45859
2021-09-12 21:00:00,44721
2021-09-13 21:00:00,46015
2021-09-14 21:00:00,47534
2021-09-15 21:00:00,47944
2021-09-16 21:00:00,47556
2021-09-17 21:00:00,48319
2021-09-18 21:00:00,47736
2021-09-19 21:00:00,44091
2021-09-20 21:00:00,42669
2021-09-21 21:00:00,42340
2021-09-22 21:00:00,44056
2021-09-23 21:00:00,42926
2021-09-24 21:00:00,42639
2021-09-25 21:00:00,43156
2021-09-26 21:00:00,43578
2021-09-27 21:00:00,41870
2021-09-28 21:00:00,41815
2021-09-29 21:00:00,43284
2021-09-30 21:00:00,47175
2021-10-01 21:00:00,47798
2021-10-02 21:00:00,47969
2021-10-03 21:00:00,47827
2021-10-04 21:00:00,49940
2021-10-05 21:00:00,51678
2021-10-06 21:00:00,54259
2021-10-07 21:00:00,54296
2021-10-08 21:00:00,54822
2021-10-09 21:00:00,55151
2021-10-10 21:00:00,56671
2021-10-11 21:00:00,56868
2021-10-12 21:00:00,56222
2021-10-13 21:00:00,57599
2021-10-14 21:00:00,59600
2021-10-15 21:00:00,61295
2021-10-16 21:00:00,60904
2021-10-17 21:00:00,61923
2021-10-18 21:00:00,62449
2021-10-19 21:00:00,64162
2021-10-20 21:00:00,64737
2021-10-21 21:00:00,62755
2021-10-22 21:00:00,61085
2021-10-23 21:00:00,60848
2021-10-24 21:00:00,62793
2021-10-25 21:00:00,62445
2021-10-26 21:00:00,59027
2021-10-27 21:00:00,60637
2021-10-28 21:00:00,61515
2021-10-29 21:00:00,61602
2021-10-30 21:00:00,60975
2021-10-31 21:00:00,61344
2021-11-01 21:00:00,63079
2021-11-02 21:00:00,62997
2021-11-03 21:00:00,61797
2021-11-04 21:00:00,61502
2021-11-05 21:00:00,61054
2021-11-06 21:00:00,62062
2021-11-07 21:00:00,65899
2021-11-08 21:00:00,67599
2021-11-09 21:00:00,66733
2021-11-10 21:00:00,64929
2021-11-11 21:00:00,64100
2021-11-12 21:00:00,63967
2021-11-13 21:00:00,64470
2021-11-14 21:00:00,65638
2021-11-15 21:00:00,60711
2021-11-16 21:00:00,59899
2021-11-17 21:00:00,59320
2021-11-18 21:00:00,57228
2021-11-19 21:00:00,58603
2021-11-20 21:00:00,59134
2021-11-21 21:00:00,57441
2021-11-22 21:00:00,56883
2021-11-23 21:00:00,56689
2021-11-24 21:00:00,58235
2021-11-25 21:00:00,54563
2021-11-26 21:00:00,54712
2021-11-27 21:00:00,54387
2021-11-28 21:00:00,57458
2021-11-29 21:00:00,57342
2021-11-30 21:00:00,57197
2021-12-01 21:00:00,56723
2021-12-02 21:00:00,56545
2021-12-03 21:00:00,48332
2021-12-04 21:00:00,49190
2021-12-05 21:00:00,48909
2021-12-06 21:00:00,51022
2021-12-07 21:00:00,50486
2021-12-08 21:00:00,49255
2021-12-09 21:00:00,48246
2021-12-10 21:00:00,48489
2021-12-11 21:00:00,49488
2021-12-12 21:00:00,48734
2021-12-13 21:00:00,47061
2021-12-14 21:00:00,48203
2021-12-15 21:00:00,48731
2021-12-16 21:00:00,47057
2021-12-17 21:00:00,46720
2021-12-18 21:00:00,47146
2021-12-19 21:00:00,46447
2021-12-20 21:00:00,48631
2021-12-21 21:00:00,48975
2021-12-22 21:00:00,48571
2021-12-23 21:00:00,51067
2021-12-24 21:00:00,50897
2021-12-25 21:00:00,50084
2021-12-26 21:00:00,50975
2021-12-27 21:00:00,49100
2021-12-28 21:00:00,47680
2021-12-29 21:00:00,47059
2021-12-30 21:00:00,47250
2021-12-31 21:00:00,47110
2022-01-01 21:00:00,47249
2022-01-02 21:00:00,46934
2022-01-03 21:00:00,46356
2022-01-04 21:00:00,46319
2022-01-05 21:00:00,43099
2022-01-06 21:00:00,41872
2022-01-07 21:00:00,41850
2022-01-08 21:00:00,41860
2022-01-09 21:00:00,41746
2022-01-10 21:00:00,42163
2022-01-11 21:00:00,42973
2022-01-12 21:00:00,43654
2022-01-13 21:00:00,42789
2022-01-14 21:00:00,43093
2022-01-15 21:00:00,43105
2022-01-16 21:00:00,42654
2022-01-17 21:00:00,41935
2022-01-18 21:00:00,41900
2022-01-19 21:00:00,42034
2022-01-20 21:00:00,38761
2022-01-21 21:00:00,35492
2022-01-22 21:00:00,35364
2022-01-23 21:00:00,35260
2022-01-24 21:00:00,36451
2022-01-25 21:00:00,37682
2022-01-26 21:00:00,36315
2022-01-27 21:00:00,37047
2022-01-28 21:00:00,37792
2022-01-29 21:00:00,37983
2022-01-30 21:00:00,37230
2022-01-31 21:00:00,38562
2022-02-01 21:00:00,38381
2022-02-02 21:00:00,36882
2022-02-03 21:00:00,37967
2022-02-04 21:00:00,41523
2022-02-05 21:00:00,41603
2022-02-06 21:00:00,42817
2022-02-07 21:00:00,43949
2022-02-08 21:00:00,43956
2022-02-09 21:00:00,44225
2022-02-10 21:00:00,43302
2022-02-11 21:00:00,42330
2022-02-12 21:00:00,42339
2022-02-13 21:00:00,42202
2022-02-14 21:00:00,44051
2022-02-15 21:00:00,44080
2022-02-16 21:00:00,43186
2022-02-17 21:00:00,40447
2022-02-18 21:00:00,40079
2022-02-19 21:00:00,38389
2022-02-20 21:00:00,38752
2022-02-21 21:00:00,37530
2022-02-22 21:00:00,38123
2022-02-23 21:00:00,35707
2022-02-24 21:00:00,38776
2022-02-25 21:00:00,39222
2022-02-26 21:00:00,38824
2022-02-27 21:00:00,38359
2022-02-28 21:00:00,43546
2022-03-01 21:00:00,44098
2022-03-02 21:00:00,43370
2022-03-03 21:00:00,41355
2022-03-04 21:00:00,39126
2022-03-05 21:00:00,39003
2022-03-06 21:00:00,38182
2022-03-07 21:00:00,38666
2022-03-08 21:00:00,41944
2022-03-09 21:00:00,39283
2022-03-10 21:00:00,38894
2022-03-11 21:00:00,39126
2022-03-12 21:00:00,38966
2022-03-13 21:00:00,38790
2022-03-14 21:00:00,38934
2022-03-15 21:00:00,40409
2022-03-16 21:00:00,40913
2022-03-17 21:00:00,40726
2022-03-18 21:00:00,41820
2022-03-19 21:00:00,41685
2022-03-20 21:00:00,41138
2022-03-21 21:00:00,42574
2022-03-22 21:00:00,42249
2022-03-23 21:00:00,43081
2022-03-24 21:00:00,44265
2022-03-25 21:00:00,44423
2022-03-26 21:00:00,44707
2022-03-27 21:00:00,47248
2022-03-28 21:00:00,47552
2022-03-29 21:00:00,47253
2022-03-30 21:00:00,47080
2022-03-31 21:00:00,45347
2022-04-01 21:00:00,46540
2022-04-02 21:00:00,46365
2022-04-03 21:00:00,46079
2022-04-04 21:00:00,46551
2022-04-05 21:00:00,44867
2022-04-06 21:00:00,43461
2022-04-07 21:00:00,43504
2022-04-08 21:00:00,42469
2022-04-09 21:00:00,42726
2022-04-10 21:00:00,41193
2022-04-11 21:00:00,40008
2022-04-12 21:00:00,40151
2022-04-13 21:00:00,41036
2022-04-14 21:00:00,40198
2022-04-15 21:00:00,40432
2022-04-16 21:00:00,40358
2022-04-17 21:00:00,39454
2022-04-18 21:00:00,40922
2022-04-19 21:00:00,41396
2022-04-20 21:00:00,41660
2022-04-21 21:00:00,40397
2022-04-22 21:00:00,39676
2022-04-23 21:00:00,39651
2022-04-24 21:00:00,39116
2022-04-25 21:00:00,40386
2022-04-26 21:00:00,38925
2022-04-27 21:00:00,39643
2022-04-28 21:00:00,39039
2022-04-29 21:00:00,38582
2022-04-30 21:00:00,38008
2022-05-01 21:00:00,38668
2022-05-02 21:00:00,38415
2022-05-03 21:00:00,38895
2022-05-04 21:00:00,39470
2022-05-05 21:00:00,36126
2022-05-06 21:00:00,35924
2022-05-07 21:00:00,34548
2022-05-08 21:00:00,33005
2022-05-09 21:00:00,31330
2022-05-10 21:00:00,30946
2022-05-11 21:00:00,28434
2022-05-12 21:00:00,30265
2022-05-13 21:00:00,29407
2022-05-14 21:00:00,29967
2022-05-15 21:00:00,29858
2022-05-16 21:00:00,30297
2022-05-17 21:00:00,29759
2022-05-18 21:00:00,29350
2022-05-19 21:00:00,30113
2022-05-20 21:00:00,29313
2022-05-21 21:00:00,29892
2022-05-22 21:00:00,30197
2022-05-23 21:00:00,29287
2022-05-24 21:00:00,29724
2022-05-25 21:00:00,29518
2022-05-26 21:00:00,28885
2022-05-27 21:00:00,28869
2022-05-28 21:00:00,29126
2022-05-29 21:00:00,30616
2022-05-30 21:00:00,31673
2022-05-31 21:00:00,31534
2022-06-01 21:00:00,29979
2022-06-02 21:00:00,29794
2022-06-03 21:00:00,29689
2022-06-04 21:00:00,29773
2022-06-05 21:00:00,31327
2022-06-06 21:00:00,29632
2022-06-07 21:00:00,30395
2022-06-08 21:00:00,30219
2022-06-09 21:00:00,29786
2022-06-10 21:00:00,28763
2022-06-11 21:00:00,27492
2022-06-12 21:00:00,23823
2022-06-13 21:00:00,22248
2022-06-14 21:00:00,21297
2022-06-15 21:00:00,21189
2022-06-16 21:00:00,20620
2022-06-17 21:00:00,19158
2022-06-18 21:00:00,19395
2022-06-19 21:00:00,20338
2022-06-20 21:00:00,21040
2022-06-21 21:00:00,20303
2022-06-22 21:00:00,20484
2022-06-23 21:00:00,21085
2022-06-24 21:00:00,21238
2022-06-25 21:00:00,21380
2022-06-26 21:00:00,21075
2022-06-27 21:00:00,20721
2022-06-28 21:00:00,20096
2022-06-29 21:00:00,19128
2022-06-30 21:00:00,19410
2022-07-01 21:00:00,19226
2022-07-02 21:00:00,19132
2022-07-03 21:00:00,19536
2022-07-04 21:00:00,20180
2022-07-05 21:00:00,20172
2022-07-06 21:00:00,20507
2022-07-07 21:00:00,21780
2022-07-08 21:00:00,21606
2022-07-09 21:00:00,21244
2022-07-10 21:00:00,20500
2022-07-11 21:00:00,19817
2022-07-12 21:00:00,19613
2022-07-13 21:00:00,20200
2022-07-14 21:00:00,20832
2022-07-15 21:00:00,20734
2022-07-16 21:00:00,21235
2022-07-17 21:00:00,21965
2022-07-18 21:00:00,22210
2022-07-19 21:00:00,23550
2022-07-20 21:00:00,22932
2022-07-21 21:00:00,23138
2022-07-22 21:00:00,22483
2022-07-23 21:00:00,22682
2022-07-24 21:00:00,21927
2022-07-25 21:00:00,21074
2022-07-26 21:00:00,21375
2022-07-27 21:00:00,23143
2022-07-28 21:00:00,23901
2022-07-29 21:00:00,23903
2022-07-30 21:00:00,23759
2022-07-31 21:00:00,23275
2022-08-01 21:00:00,22917
2022-08-02 21:00:00,23287
2022-08-03 21:00:00,22882
2022-08-04 21:00:00,23123
2022-08-05 21:00:00,23192
2022-08-06 21:00:00,23038
2022-08-07 21:00:00,23909
2022-08-08 21:00:00,23301
2022-08-09 21:00:00,23137
2022-08-10 21:00:00,24380
2022-08-11 21:00:00,23977
2022-08-12 21:00:00,24501
2022-08-13 21:00:00,24522
2022-08-14 21:00:00,24135
2022-08-15 21:00:00,23975
2022-08-16 21:00:00,23742
2022-08-17 21:00:00,23426
2022-08-18 21:00:00,21524
2022-08-19 21:00:00,21187
2022-08-20 21:00:00,21406
2022-08-21 21:00:00,21254
2022-08-22 21:00:00,21420
2022-08-23 21:00:00,21449
2022-08-24 21:00:00,21589
2022-08-25 21:00:00,21407
2022-08-26 21:00:00,20158
2022-08-27 21:00:00,20007
2022-08-28 21:00:00,19905
2022-08-29 21:00:00,20217
2022-08-30 21:00:00,20226
2022-08-31 21:00:00,19997
2022-09-01 21:00:00,20090
2022-09-02 21:00:00,19823
2022-09-03 21:00:00,19795
2022-09-04 21:00:00,19773
2022-09-05 21:00:00,19796
2022-09-06 21:00:00,18824
2022-09-07 21:00:00,19262
2022-09-08 21:00:00,20997
2022-09-09 21:00:00,21348
2022-09-10 21:00:00,21614
2022-09-11 21:00:00,22237
2022-09-12 21:00:00,22136
2022-09-13 21:00:00,20261
2022-09-14 21:00:00,20045
2022-09-15 21:00:00,19737
2022-09-16 21:00:00,19915
2022-09-17 21:00:00,19928
2022-09-18 21:00:00,18975
2022-09-19 21:00:00,19215
2022-09-20 21:00:00,19008
2022-09-21 21:00:00,19019
2022-09-22 21:00:00,19062
2022-09-23 21:00:00,19099
2022-09-24 21:00:00,18984
2022-09-25 21:00:00,19071
2022-09-26 21:00:00,20046
2022-09-27 21:00:00,19090
2022-09-28 21:00:00,19430
2022-09-29 21:00:00,19482
2022-09-30 21:00:00,19320
2022-10-01 21:00:00,19245
2022-10-02 21:00:00,19231
2022-10-03 21:00:00,19964
2022-10-04 21:00:00,20146
2022-10-05 21:00:00,20144
2022-10-06 21:00:00,19885
2022-10-07 21:00:00,19501
2022-10-08 21:00:00,19433
2022-10-09 21:00:00,19327
2022-10-10 21:00:00,19057
2022-10-11 21:00:00,19117
2022-10-12 21:00:00,19082
2022-10-13 21:00:00,19594
2022-10-14 21:00:00,19151
2022-10-15 21:00:00,19142
2022-10-16 21:00:00,19466
2022-10-17 21:00:00,19531
2022-10-18 21:00:00,19204
2022-10-19 21:00:00,19128
2022-10-20 21:00:00,19059
2022-10-21 21:00:00,19170
2022-10-22 21:00:00,19195
2022-10-23 21:00:00,19343
2022-10-24 21:00:00,19344
2022-10-25 21:00:00,20633
2022-10-26 21:00:00,20637
2022-10-27 21:00:00,20292
2022-10-28 21:00:00,20788
2022-10-29 21:00:00,20718
2022-10-30 21:00:00,20491
2022-10-31 21:00:00,20493
2022-11-01 21:00:00,20438
2022-11-02 21:00:00,20259
2022-11-03 21:00:00,20627
2022-11-04 21:00:00,21332
2022-11-05 21:00:00,21228
2022-11-06 21:00:00,20752
2022-11-07 21:00:00,19707
2022-11-08 21:00:00,17683
2022-11-09 21:00:00,16689
2022-11-10 21:00:00,17071
2022-11-11 21:00:00,16820
2022-11-12 21:00:00,16593
2022-11-13 21:00:00,16496
2022-11-14 21:00:00,16812
2022-11-15 21:00:00,16684
2022-11-16 21:00:00,16585
2022-11-17 21:00:00,16731
2022-11-18 21:00:00,16625
2022-11-19 21:00:00,16566
2022-11-20 21:00:00,16039
2022-11-21 21:00:00,15856
2022-11-22 21:00:00,16480
2022-11-23 21:00:00,16573
2022-11-24 21:00:00,16490
2022-11-25 21:00:00,16567
2022-11-26 21:00:00,16542
2022-11-27 21:00:00,16199
2022-11-28 21:00:00,16447
2022-11-29 21:00:00,16877
2022-11-30 21:00:00,17095
2022-12-01 21:00:00,16959
2022-12-02 21:00:00,16965
2022-12-03 21:00:00,17010
2022-12-04 21:00:00,17223
2022-12-05 21:00:00,16996
2022-12-06 21:00:00,16830
2022-12-07 21:00:00,16845
2022-12-08 21:00:00,17206
2022-12-09 21:00:00,17157
2022-12-10 21:00:00,17159
2022-12-11 21:00:00,16986
2022-12-12 21:00:00,17444
2022-12-13 21:00:00,17815
2022-12-14 21:00:00,17661
2022-12-15 21:00:00,17014
2022-12-16 21:00:00,16704
2022-12-17 21:00:00,16738
2022-12-18 21:00:00,16717
2022-12-19 21:00:00,16814
2022-12-20 21:00:00,16834
2022-12-21 21:00:00,16818
2022-12-22 21:00:00,16832
2022-12-23 21:00:00,16831
2022-12-24 21:00:00,16824
2022-12-25 21:00:00,16843
2022-12-26 21:00:00,16830
2022-12-27 21:00:00,16640
2022-12-28 21:00:00,16592
2022-12-29 21:00:00,16544
2022-12-30 21:00:00,16560
2022-12-31 21:00:00,16540
2023-01-01 21:00:00,16710
2023-01-02 21:00:00,16683
2023-01-03 21:00:00,16836
2023-01-04 21:00:00,16828
2023-01-05 21:00:00,16815
2023-01-06 21:00:00,16936
2023-01-07 21:00:00,16939
2023-01-08 21:00:00,17228
2023-01-09 21:00:00,17256
2023-01-10 21:00:00,17440
2023-01-11 21:00:00,18203
2023-01-12 21:00:00,18913
2023-01-13 21:00:00,20875
2023-01-14 21:00:00,20751
2023-01-15 21:00:00,21093
2023-01-16 21:00:00,21181
2023-01-17 21:00:00,21227
2023-01-18 21:00:00,20810
2023-01-19 21:00:00,21101
2023-01-20 21:00:00,22902
2023-01-21 21:00:00,22835
2023-01-22 21:00:00,22823
2023-01-23 21:00:00,22971
2023-01-24 21:00:00,22650
2023-01-25 21:00:00,23058
2023-01-26 21:00:00,22985
2023-01-27 21:00:00,23011
2023-01-28 21:00:00,23440
2023-01-29 21:00:00,23207
2023-01-30 21:00:00,22913
2023-01-31 21:00:00,23089
2023-02-01 21:00:00,23813
2023-02-02 21:00:00,23483
2023-02-03 21:00:00,23404
2023-02-04 21:00:00,23308
2023-02-05 21:00:00,22895
2023-02-06 21:00:00,22962
2023-02-07 21:00:00,23165
2023-02-08 21:00:00,22620
2023-02-09 21:00:00,21807
2023-02-10 21:00:00,21688
2023-02-11 21:00:00,21835
2023-02-12 21:00:00,21660
2023-02-13 21:00:00,21815
2023-02-14 21:00:00,22535
2023-02-15 21:00:00,24627
2023-02-16 21:00:00,23825
2023-02-17 21:00:00,24621
2023-02-18 21:00:00,24670
2023-02-19 21:00:00,24780
2023-02-20 21:00:00,24691
2023-02-21 21:00:00,24055
2023-02-22 21:00:00,24110
2023-02-23 21:00:00,23832
2023-02-24 21:00:00,23052
2023-02-25 21:00:00,23216
2023-02-26 21:00:00,23418
2023-02-27 21:00:00,23404
2023-02-28 21:00:00,23686
2023-03-01 21:00:00,23435
2023-03-02 21:00:00,22360
2023-03-03 21:00:00,22344
2023-03-04 21:00:00,22419
2023-03-05 21:00:00,22405
2023-03-06 21:00:00,22386
2023-03-07 21:00:00,22040
2023-03-08 21:00:00,21647
2023-03-09 21:00:00,19950
2023-03-10 21:00:00,20363
2023-03-11 21:00:00,20597
2023-03-12 21:00:00,22517
2023-03-13 21:00:00,24606
2023-03-14 21:00:00,24724
2023-03-15 21:00:00,24768
2023-03-16 21:00:00,26454
2023-03-17 21:00:00,27412
2023-03-18 21:00:00,27251
2023-03-19 21:00:00,27970
2023-03-20 21:00:00,28028
2023-03-21 21:00:00,28217
2023-03-22 21:00:00,27712
2023-03-23 21:00:00,28041
2023-03-24 21:00:00,27515
2023-03-25 21:00:00,27742
2023-03-26 21:00:00,27811
2023-03-27 21:00:00,26995
2023-03-28 21:00:00,28327
2023-03-29 21:00:00,28449
2023-03-30 21:00:00,28193
2023-03-31 21:00:00,28442
2023-04-01 21:00:00,28357
2023-04-02 21:00:00,28018
2023-04-03 21:00:00,28117
2023-04-04 21:00:00,28480
2023-04-05 21:00:00,28027
2023-04-06 21:00:00,27936
2023-04-07 21:00:00,28021
2023-04-08 21:00:00,27953
2023-04-09 21:00:00,28335
2023-04-10 21:00:00,30133
2023-04-11 21:00:00,29994
2023-04-12 21:00:00,30241
2023-04-13 21:00:00,30692
2023-04-14 21:00:00,30405
2023-04-15 21:00:00,30320
2023-04-16 21:00:00,29560
2023-04-17 21:00:00,30080
2023-04-18 21:00:00,29314
2023-04-19 21:00:00,28795
2023-04-20 21:00:00,28058
2023-04-21 21:00:00,27335
2023-04-22 21:00:00,27592
2023-04-23 21:00:00,27453
2023-04-24 21:00:00,27400
2023-04-25 21:00:00,28431
2023-04-26 21:00:00,29046
2023-04-27 21:00:00,29351
2023-04-28 21:00:00,29314
2023-04-29 21:00:00,29289
2023-04-30 21:00:00,28522
2023-05-01 21:00:00,28077
2023-05-02 21:00:00,28535
2023-05-03 21:00:00,29042
2023-05-04 21:00:00,29240
2023-05-05 21:00:00,29268
2023-05-06 21:00:00,28926
2023-05-07 21:00:00,27926
2023-05-08 21:00:00,27617
2023-05-09 21:00:00,27685
2023-05-10 21:00:00,27424
2023-05-11 21:00:00,26396
2023-05-12 21:00:00,26826
2023-05-13 21:00:00,26864
2023-05-14 21:00:00,27386
2023-05-15 21:00:00,27058
2023-05-16 21:00:00,27006
2023-05-17 21:00:00,27255
2023-05-18 21:00:00,26871
2023-05-19 21:00:00,26906
2023-05-20 21:00:00,26947
2023-05-21 21:00:00,26849
2023-05-22 21:00:00,27278
2023-05-23 21:00:00,26695
2023-05-24 21:00:00,26261
2023-05-25 21:00:00,26496
2023-05-26 21:00:00,26731
2023-05-27 21:00:00,27210
2023-05-28 21:00:00,27896
2023-05-29 21:00:00,27784
2023-05-30 21:00:00,27123
2023-05-31 21:00:00,26889
2023-06-01 21:00:00,27090
2023-06-02 21:00:00,27164
2023-06-03 21:00:00,27199
2023-06-04 21:00:00,26770
2023-06-05 21:00:00,25785
2023-06-06 21:00:00,26720
2023-06-07 21:00:00,26452
2023-06-08 21:00:00,26493
2023-06-09 21:00:00,25707
2023-06-10 21:00:00,25799
2023-06-11 21:00:00,25853
2023-06-12 21:00:00,25987
2023-06-13 21:00:00,25959
2023-06-14 21:00:00,25014
2023-06-15 21:00:00,25557
2023-06-16 21:00:00,26502
2023-06-17 21:00:00,26520
2023-06-18 21:00:00,26437
2023-06-19 21:00:00,26911
2023-06-20 21:00:00,28955
2023-06-21 21:00:00,30115
2023-06-22 21:00:00,30104
2023-06-23 21:00:00,30646
2023-06-24 21:00:00,30628
2023-06-25 21:00:00,30273
2023-06-26 21:00:00,30590
2023-06-27 21:00:00,30317
2023-06-28 21:00:00,30441
2023-06-29 21:00:00,30509
2023-06-30 21:00:00,30523
2023-07-01 21:00:00,30534
2023-07-02 21:00:00,30727
2023-07-03 21:00:00,31016
2023-07-04 21:00:00,30517
2023-07-05 21:00:00,30460
2023-07-06 21:00:00,30187
2023-07-07 21:00:00,30228
2023-07-08 21:00:00,30286
2023-07-09 21:00:00,30210
2023-07-10 21:00:00,30518
2023-07-11 21:00:00,30606
2023-07-12 21:00:00,30562
2023-07-13 21:00:00,31224
2023-07-14 21:00:00,30323
2023-07-15 21:00:00,30308
2023-07-16 21:00:00,30226
2023-07-17 21:00:00,29936
2023-07-18 21:00:00,29995
2023-07-19 21:00:00,29974
2023-07-20 21:00:00,29862
2023-07-21 21:00:00,29890
2023-07-22 21:00:00,29913
2023-07-23 21:00:00,29228
2023-07-24 21:00:00,29166
2023-07-25 21:00:00,29257
2023-07-26 21:00:00,29394
2023-07-27 21:00:00,29266
2023-07-28 21:00:00,29335
2023-07-29 21:00:00,29313
2023-07-30 21:00:00,29374
2023-07-31 21:00:00,28930
2023-08-01 21:00:00,29440
2023-08-02 21:00:00,29161
2023-08-03 21:00:00,29164
2023-08-04 21:00:00,29036
2023-08-05 21:00:00,29042
2023-08-06 21:00:00,29046
2023-08-07 21:00:00,29352
2023-08-08 21:00:00,29742
2023-08-09 21:00:00,29491
2023-08-10 21:00:00,29382
2023-08-11 21:00:00,29403
2023-08-12 21:00:00,29383
2023-08-13 21:00:00,29378
2023-08-14 21:00:00,29358
2023-08-15 21:00:00,28910
2023-08-16 21:00:00,28487
2023-08-17 21:00:00,26335
2023-08-18 21:00:00,26011
2023-08-19 21:00:00,26122
2023-08-20 21:00:00,26065
2023-08-21 21:00:00,26027
2023-08-22 21:00:00,26049
2023-08-23 21:00:00,26387
2023-08-24 21:00:00,26089
2023-08-25 21:00:00,26028
2023-08-26 21:00:00,26060
2023-08-27 21:00:00,26017
2023-08-28 21:00:00,26090
2023-08-29 21:00:00,27379
2023-08-30 21:00:00,27197
2023-08-31 21:00:00,25983
2023-09-01 21:00:00,25816
2023-09-02 21:00:00,25909
2023-09-03 21:00:00,25898
2023-09-04 21:00:00,25732
2023-09-05 21:00:00,25734
2023-09-06 21:00:00,25765
2023-09-07 21:00:00,25903
2023-09-08 21:00:00,25870
2023-09-09 21:00:00,25825
2023-09-10 21:00:00,25661
2023-09-11 21:00:00,25965
2023-09-12 21:00:00,26138
2023-09-13 21:00:00,26454
2023-09-14 21:00:00,26510
2023-09-15 21:00:00,26550
2023-09-16 21:00:00,26536
2023-09-17 21:00:00,26787
2023-09-18 21:00:00,27132
2023-09-19 21:00:00,27127
2023-09-20 21:00:00,26700
2023-09-21 21:00:00,26612
2023-09-22 21:00:00,26577
2023-09-23 21:00:00,26580
2023-09-24 21:00:00,26178
2023-09-25 21:00:00,26244
2023-09-26 21:00:00,26249
2023-09-27 21:00:00,26487
2023-09-28 21:00:00,26944
2023-09-29 21:00:00,26957
2023-09-30 21:00:00,27124
2023-10-01 21:00:00,28054
2023-10-02 21:00:00,27498
2023-10-03 21:00:00,27520
2023-10-04 21:00:00,27664
2023-10-05 21:00:00,27656
2023-10-06 21:00:00,27947
2023-10-07 21:00:00,27928
2023-10-08 21:00:00,27789
2023-10-09 21:00:00,27418
2023-10-10 21:00:00,27088
2023-10-11 21:00:00,26753
2023-10-12 21:00:00,26801
2023-10-13 21:00:00,26881
2023-10-14 21:00:00,26899
2023-10-15 21:00:00,27896
2023-10-16 21:00:00,28426
2023-10-17 21:00:00,28378
2023-10-18 21:00:00,28463
2023-10-19 21:00:00,29529
2023-10-20 21:00:00,29791
2023-10-21 21:00:00,29918
2023-10-22 21:00:00,30709
2023-10-23 21:00:00,34067
2023-10-24 21:00:00,34301
2023-10-25 21:00:00,34296
2023-10-26 21:00:00,34021
2023-10-27 21:00:00,34106
2023-10-28 21:00:00,34303
2023-10-29 21:00:00,34473
2023-10-30 21:00:00,34403
2023-10-31 21:00:00,34483
2023-11-01 21:00:00,35243
2023-11-02 21:00:00,34564
2023-11-03 21:00:00,34767
2023-11-04 21:00:00,35089
2023-11-05 21:00:00,35001
2023-11-06 21:00:00,34902
2023-11-07 21:00:00,35358
2023-11-08 21:00:00,36605
2023-11-09 21:00:00,36983
2023-11-10 21:00:00,37092
2023-11-11 21:00:00,37108
2023-11-12 21:00:00,36890
2023-11-13 21:00:00,36390
2023-11-14 21:00:00,36111
2023-11-15 21:00:00,37264
2023-11-16 21:00:00,36390
2023-11-17 21:00:00,36468
2023-11-18 21:00:00,36580
2023-11-19 21:00:00,37279
2023-11-20 21:00:00,37231
2023-11-21 21:00:00,36537
2023-11-22 21:00:00,37331
2023-11-23 21:00:00,37704
2023-11-24 21:00:00,37788
2023-11-25 21:00:00,37704
2023-11-26 21:00:00,37117
2023-11-27 21:00:00,37244
2023-11-28 21:00:00,37945
2023-11-29 21:00:00,37756
2023-11-30 21:00:00,38410
2023-12-01 21:00:00,38788
2023-12-02 21:00:00,39521
2023-12-03 21:00:00,41597
2023-12-04 21:00:00,41853
2023-12-05 21:00:00,43875
2023-12-06 21:00:00,43498
2023-12-07 21:00:00,43589
2023-12-08 21:00:00,44004
2023-12-09 21:00:00,43825
2023-12-10 21:00:00,42006
2023-12-11 21:00:00,41589
2023-12-12 21:00:00,41314
2023-12-13 21:00:00,42863
2023-12-14 21:00:00,42623
2023-12-15 21:00:00,42268
2023-12-16 21:00:00,41913
2023-12-17 21:00:00,41215
2023-12-18 21:00:00,42884
2023-12-19 21:00:00,42928
2023-12-20 21:00:00,43693
2023-12-21 21:00:00,43757
2023-12-22 21:00:00,43711
2023-12-23 21:00:00,43670
2023-12-24 21:00:00,43279
2023-12-25 21:00:00,42679
2023-12-26 21:00:00,42913
2023-12-27 21:00:00,42939
2023-12-28 21:00:00,42500
2023-12-29 21:00:00,42106
2023-12-30 21:00:00,42478
2023-12-31 21:00:00,42658
2024-01-01 21:00:00,45268
2024-01-02 21:00:00,43320
2024-01-03 21:00:00,43261
2024-01-04 21:00:00,43800
2024-01-05 21:00:00,43877
2024-01-06 21:00:00,44076
2024-01-07 21:00:00,44774
2024-01-08 21:00:00,46722
2024-01-09 21:00:00,45854
2024-01-10 21:00:00,46450
2024-01-11 21:00:00,45805
2024-01-12 21:00:00,42851
2024-01-13 21:00:00,42800
2024-01-14 21:00:00,42621
2024-01-15 21:00:00,42881
2024-01-16 21:00:00,42688
2024-01-17 21:00:00,42524
2024-01-18 21:00:00,41264
2024-01-19 21:00:00,41583
2024-01-20 21:00:00,41666
2024-01-21 21:00:00,40778
2024-01-22 21:00:00,39322
2024-01-23 21:00:00,39896
2024-01-24 21:00:00,39941
2024-01-25 21:00:00,41114
2024-01-26 21:00:00,41802
2024-01-27 21:00:00,42290
2024-01-28 21:00:00,42258
2024-01-29 21:00:00,43419
2024-01-30 21:00:00,42886
2024-01-31 21:00:00,42211
2024-02-01 21:00:00,43055
2024-02-02 21:00:00,43069
2024-02-03 21:00:00,42896
2024-02-04 21:00:00,42693
2024-02-05 21:00:00,42884
2024-02-06 21:00:00,43073
2024-02-07 21:00:00,44773
2024-02-08 21:00:00,46894
2024-02-09 21:00:00,47326
2024-02-10 21:00:00,48185
2024-02-11 21:00:00,48333
2024-02-12 21:00:00,49862
2024-02-13 21:00:00,51454
2024-02-14 21:00:00,52107
2024-02-15 21:00:00,52015
2024-02-16 21:00:00,51724
2024-02-17 21:00:00,51750
2024-02-18 21:00:00,52128
2024-02-19 21:00:00,51834
2024-02-20 21:00:00,51360
2024-02-21 21:00:00,51566
2024-02-22 21:00:00,51069
2024-02-23 21:00:00,51097
2024-02-24 21:00:00,51635
2024-02-25 21:00:00,51535
2024-02-26 21:00:00,56680
2024-02-27 21:00:00,59329
2024-02-28 21:00:00,62161
2024-02-29 21:00:00,61959
2024-03-01 21:00:00,62009
2024-03-02 21:00:00,62075
2024-03-03 21:00:00,65166
2024-03-04 21:00:00,66811
2024-03-05 21:00:00,66408
2024-03-06 21:00:00,66859
2024-03-07 21:00:00,67503
2024-03-08 21:00:00,68405
2024-03-09 21:00:00,69448
2024-03-10 21:00:00,71750
2024-03-11 21:00:00,71852
2024-03-12 21:00:00,72933
2024-03-13 21:00:00,72788
2024-03-14 21:00:00,68206
2024-03-15 21:00:00,68289
2024-03-16 21:00:00,66937
2024-03-17 21:00:00,67740
2024-03-18 21:00:00,64088
2024-03-19 21:00:00,63218
2024-03-20 21:00:00,66863
2024-03-21 21:00:00,64693
2024-03-22 21:00:00,64574
2024-03-23 21:00:00,65159
2024-03-24 21:00:00,67316
2024-03-25 21:00:00,70286
2024-03-26 21:00:00,69898
2024-03-27 21:00:00,70643
2024-03-28 21:00:00,70025
2024-03-29 21:00:00,70015
2024-03-30 21:00:00,70409
2024-03-31 21:00:00,69655
2024-04-01 21:00:00,66000
2024-04-02 21:00:00,66036
2024-04-03 21:00:00,66392
2024-04-04 21:00:00,67654
2024-04-05 21:00:00,67999
2024-04-06 21:00:00,69377
2024-04-07 21:00:00,71674
2024-04-08 21:00:00,70412
2024-04-09 21:00:00,69113
2024-04-10 21:00:00,70508
2024-04-11 21:00:00,70258
2024-04-12 21:00:00,67248
2024-04-13 21:00:00,64236
2024-04-14 21:00:00,65266
2024-04-15 21:00:00,63013
2024-04-16 21:00:00,62885
2024-04-17 21:00:00,62251
2024-04-18 21:00:00,64278
2024-04-19 21:00:00,64005
2024-04-20 21:00:00,64983
2024-04-21 21:00:00,66094
2024-04-22 21:00:00,66477
2024-04-23 21:00:00,66383
2024-04-24 21:00:00,64246
2024-04-25 21:00:00,64189
2024-04-26 21:00:00,63023
2024-04-27 21:00:00,63656
2024-04-28 21:00:00,62694
2024-04-29 21:00:00,61251
2024-04-30 21:00:00,57815
2024-05-01 21:00:00,58457
2024-05-02 21:00:00,59826
2024-05-03 21:00:00,63555
2024-05-04 21:00:00,63753
2024-05-05 21:00:00,63900
2024-05-06 21:00:00,63519
2024-05-07 21:00:00,62338
2024-05-08 21:00:00,61561
2024-05-09 21:00:00,62807
2024-05-10 21:00:00,60895
2024-05-11 21:00:00,61114
2024-05-12 21:00:00,62755
2024-05-13 21:00:00,61769
2024-05-14 21:00:00,62766
2024-05-15 21:00:00,65937
2024-05-16 21:00:00,66312
2024-05-17 21:00:00,66939
2024-05-18 21:00:00,66956
2024-05-19 21:00:00,67073
2024-05-20 21:00:00,70931
2024-05-21 21:00:00,69866
2024-05-22 21:00:00,69350
2024-05-23 21:00:00,67770
2024-05-24 21:00:00,69021
2024-05-25 21:00:00,68987
2024-05-26 21:00:00,68922
2024-05-27 21:00:00,68189
2024-05-28 21:00:00,67772
2024-05-29 21:00:00,68082
2024-05-30 21:00:00,68115
2024-05-31 21:00:00,67651
2024-06-01 21:00:00,67754
2024-06-02 21:00:00,69058
2024-06-03 21:00:00,69203
2024-06-04 21:00:00,71020
2024-06-05 21:00:00,70992
2024-06-06 21:00:00,70988
2024-06-07 21:00:00,69387
2024-06-08 21:00:00,69373
2024-06-09 21:00:00,69542
2024-06-10 21:00:00,67326
2024-06-11 21:00:00,67860
2024-06-12 21:00:00,67435
2024-06-13 21:00:00,66741
2024-06-14 21:00:00,66181
2024-06-15 21:00:00,66471
2024-06-16 21:00:00,66254
2024-06-17 21:00:00,65218
2024-06-18 21:00:00,65097
2024-06-19 21:00:00,65117
2024-06-20 21:00:00,64113
2024-06-21 21:00:00,64271
2024-06-22 21:00:00,64288
2024-06-23 21:00:00,61259
2024-06-24 21:00:00,61300
2024-06-25 21:00:00,61451
2024-06-26 21:00:00,61223
2024-06-27 21:00:00,61347
2024-06-28 21:00:00,60885
2024-06-29 21:00:00,61488
2024-06-30 21:00:00,63084
2024-07-01 21:00:00,62574
2024-07-02 21:00:00,60361
2024-07-03 21:00:00,58201
2024-07-04 21:00:00,55964
2024-07-05 21:00:00,56751
2024-07-06 21:00:00,57386
2024-07-07 21:00:00,56268
2024-07-08 21:00:00,57454
2024-07-09 21:00:00,57845
2024-07-10 21:00:00,57829
2024-07-11 21:00:00,57331
2024-07-12 21:00:00,58574
2024-07-13 21:00:00,60013
2024-07-14 21:00:00,62897
2024-07-15 21:00:00,64479
2024-07-16 21:00:00,65091
2024-07-17 21:00:00,64533
2024-07-18 21:00:00,64283
2024-07-19 21:00:00,66658
2024-07-20 21:00:00,67125
2024-07-21 21:00:00,67556
2024-07-22 21:00:00,66594
2024-07-23 21:00:00,66018
2024-07-24 21:00:00,64334
2024-07-25 21:00:00,67286
2024-07-26 21:00:00,68185
2024-07-27 21:00:00,67899
2024-07-28 21:00:00,68857
2024-07-29 21:00:00,66410
2024-07-30 21:00:00,66153
2024-07-31 21:00:00,64347
2024-08-01 21:00:00,64253
2024-08-02 21:00:00,61476
2024-08-03 21:00:00,60564
2024-08-04 21:00:00,53875
2024-08-05 21:00:00,55881
2024-08-06 21:00:00,56700
2024-08-07 21:00:00,57470
2024-08-08 21:00:00,60712
2024-08-09 21:00:00,60741
2024-08-10 21:00:00,60613
2024-08-11 21:00:00,58890
2024-08-12 21:00:00,59454
2024-08-13 21:00:00,60750
2024-08-14 21:00:00,58410
2024-08-15 21:00:00,58413
2024-08-16 21:00:00,59279
2024-08-17 21:00:00,59640
2024-08-18 21:00:00,58614
2024-08-19 21:00:00,60503
2024-08-20 21:00:00,59523
2024-08-21 21:00:00,60661
2024-08-22 21:00:00,61128
2024-08-23 21:00:00,64111
2024-08-24 21:00:00,64150
2024-08-25 21:00:00,63750
2024-08-26 21:00:00,62381
2024-08-27 21:00:00,59269
2024-08-28 21:00:00,59537
2024-08-29 21:00:00,59152
2024-08-30 21:00:00,59100
2024-08-31 21:00:00,58206
2024-09-01 21:00:00,58363
2024-09-02 21:00:00,58902
2024-09-03 21:00:00,56762
2024-09-04 21:00:00,56743
2024-09-05 21:00:00,55809
2024-09-06 21:00:00,54262
2024-09-07 21:00:00,54385
2024-09-08 21:00:00,55263
2024-09-09 21:00:00,57049
2024-09-10 21:00:00,56829
2024-09-11 21:00:00,58076
2024-09-12 21:00:00,58127
2024-09-13 21:00:00,60003
2024-09-14 21:00:00,60091
2024-09-15 21:00:00,58429
2024-09-16 21:00:00,59154
2024-09-17 21:00:00,60195
2024-09-18 21:00:00,62676
2024-09-19 21:00:00,63203
2024-09-20 21:00:00,63116
2024-09-21 21:00:00,62955
2024-09-22 21:00:00,63465
2024-09-23 21:00:00,63481
2024-09-24 21:00:00,63733
2024-09-25 21:00:00,64390
2024-09-26 21:00:00,65686
2024-09-27 21:00:00,65744
2024-09-28 21:00:00,65747
2024-09-29 21:00:00,63822
2024-09-30 21:00:00,63358
2024-10-01 21:00:00,61357
2024-10-02 21:00:00,60780
2024-10-03 21:00:00,61440
2024-10-04 21:00:00,62093
2024-10-05 21:00:00,62104
2024-10-06 21:00:00,63446
2024-10-07 21:00:00,62411
2024-10-08 21:00:00,62072
2024-10-09 21:00:00,60722
2024-10-10 21:00:00,61160
2024-10-11 21:00:00,62969
2024-10-12 21:00:00,62743
2024-10-13 21:00:00,64851
2024-10-14 21:00:00,65845
2024-10-15 21:00:00,67584
2024-10-16 21:00:00,67257
2024-10-17 21:00:00,67999
2024-10-18 21:00:00,68302
2024-10-19 21:00:00,68413
2024-10-20 21:00:00,68232
2024-10-21 21:00:00,67354
2024-10-22 21:00:00,66523
2024-10-23 21:00:00,67372
2024-10-24 21:00:00,67715
2024-10-25 21:00:00,66986
2024-10-26 21:00:00,67159
2024-10-27 21:00:00,68600
2024-10-28 21:00:00,71273
2024-10-29 21:00:00,72286
2024-10-30 21:00:00,72166
2024-10-31 21:00:00,69489
2024-11-01 21:00:00,69520
2024-11-02 21:00:00,68428
2024-11-03 21:00:00,68621
2024-11-04 21:00:00,68838
2024-11-05 21:00:00,74340
2024-11-06 21:00:00,75212
2024-11-07 21:00:00,76106
2024-11-08 21:00:00,76444
2024-11-09 21:00:00,79489
2024-11-10 21:00:00,82031
2024-11-11 21:00:00,88170
2024-11-12 21:00:00,88099
2024-11-13 21:00:00,89868
2024-11-14 21:00:00,89227
2024-11-15 21:00:00,91140
2024-11-16 21:00:00,90452
2024-11-17 21:00:00,90758
2024-11-18 21:00:00,91852
2024-11-19 21:00:00,93526
2024-11-20 21:00:00,97451
2024-11-21 21:00:00,98870
2024-11-22 21:00:00,98573
2024-11-23 21:00:00,97811
2024-11-24 21:00:00,97644
2024-11-25 21:00:00,93176
2024-11-26 21:00:00,93547
2024-11-27 21:00:00,95381
2024-11-28 21:00:00,96989
2024-11-29 21:00:00,96734
2024-11-30 21:00:00,97038
2024-12-01 21:00:00,95835
2024-12-02 21:00:00,95629
2024-12-03 21:00:00,96289
2024-12-04 21:00:00,101869
2024-12-05 21:00:00,98333
2024-12-06 21:00:00,99728
2024-12-07 21:00:00,99896
2024-12-08 21:00:00,98618
2024-12-09 21:00:00,97069
2024-12-10 21:00:00,98310
2024-12-11 21:00:00,100808
2024-12-12 21:00:00,100263
2024-12-13 21:00:00,101513
2024-12-14 21:00:00,102508
2024-12-15 21:00:00,105105
2024-12-16 21:00:00,106702
2024-12-17 21:00:00,104184
2024-12-18 21:00:00,100770
2024-12-19 21:00:00,96902
2024-12-20 21:00:00,97445
2024-12-21 21:00:00,96300
2024-12-22 21:00:00,94851
2024-12-23 21:00:00,94412
2024-12-24 21:00:00,98337
2024-12-25 21:00:00,95827
2024-12-26 21:00:00,95777
2024-12-27 21:00:00,94504
2024-12-28 21:00:00,94856
2024-12-29 21:00:00,93518
2024-12-30 21:00:00,93676
2024-12-31 21:00:00,93675
2025-01-01 21:00:00,96499
2025-01-02 21:00:00,96885
2025-01-03 21:00:00,98005
2025-01-04 21:00:00,98101
2025-01-05 21:00:00,99479
2025-01-06 21:00:00,100856
2025-01-07 21:00:00,95388
2025-01-08 21:00:00,93448
2025-01-09 21:00:00,94488
2025-01-10 21:00:00,94351
2025-01-11 21:00:00,94500
2025-01-12 21:00:00,93007
2025-01-13 21:00:00,96112
2025-01-14 21:00:00,97298
2025-01-15 21:00:00,99553
2025-01-16 21:00:00,102369
2025-01-17 21:00:00,103850
2025-01-18 21:00:00,104766
2025-01-19 21:00:00,103752
2025-01-20 21:00:00,103573
2025-01-21 21:00:00,104970
2025-01-22 21:00:00,102765
2025-01-23 21:00:00,105165
2025-01-24 21:00:00,104677
2025-01-25 21:00:00,104926
2025-01-26 21:00:00,100457
2025-01-27 21:00:00,102610
2025-01-28 21:00:00,102337
2025-01-29 21:00:00,105152
2025-01-30 21:00:00,104374
2025-01-31 21:00:00,102072
2025-02-01 21:00:00,99250
2025-02-02 21:00:00,95529
2025-02-03 21:00:00,99293
2025-02-04 21:00:00,97878
2025-02-05 21:00:00,97382
2025-02-06 21:00:00,97368
2025-02-07 21:00:00,96297
2025-02-08 21:00:00,96552
2025-02-09 21:00:00,97343
2025-02-10 21:00:00,97644
2025-02-11 21:00:00,96122
2025-02-12 21:00:00,96203
2025-02-13 21:00:00,96940
2025-02-14 21:00:00,97589
2025-02-15 21:00:00,97212
2025-02-16 21:00:00,96179
2025-02-17 21:00:00,95575
2025-02-18 21:00:00,96000
2025-02-19 21:00:00,97274
2025-02-20 21:00:00,98261
2025-02-21 21:00:00,96527
2025-02-22 21:00:00,96142
2025-02-23 21:00:00,95525
2025-02-24 21:00:00,88962
2025-02-25 21:00:00,88211
2025-02-26 21:00:00,85016
2025-02-27 21:00:00,81782
2025-02-28 21:00:00,85100
2025-03-01 21:00:00,86103
2025-03-02 21:00:00,91972
2025-03-03 21:00:00,83908
2025-03-04 21:00:00,88653
2025-03-05 21:00:00,90691
2025-03-06 21:00:00,88140
2025-03-07 21:00:00,86187
2025-03-08 21:00:00,84702
2025-03-09 21:00:00,81545
2025-03-10 21:00:00,81184
2025-03-11 21:00:00,82586
2025-03-12 21:00:00,82829
2025-03-13 21:00:00,83153
2025-03-14 21:00:00,84307
2025-03-15 21:00:00,83814
2025-03-16 21:00:00,83488
2025-03-17 21:00:00,82664
2025-03-18 21:00:00,83700
2025-03-19 21:00:00,85491
2025-03-20 21:00:00,84098
2025-03-21 21:00:00,84202
2025-03-22 21:00:00,84741
2025-03-23 21:00:00,87419
2025-03-24 21:00:00,87373
2025-03-25 21:00:00,87304
2025-03-26 21:00:00,87317
2025-03-27 21:00:00,85077
2025-03-28 21:00:00,82699
2025-03-29 21:00:00,82928
2025-03-30 21:00:00,82183
2025-03-31 21:00:00,84059
2025-04-01 21:00:00,84896
2025-04-02 21:00:00,82856
2025-04-03 21:00:00,83177
2025-04-04 21:00:00,83410
2025-04-05 21:00:00,82739
2025-04-06 21:00:00,78061
2025-04-07 21:00:00,79127
2025-04-08 21:00:00,77275
2025-04-09 21:00:00,81584
2025-04-10 21:00:00,82101
2025-04-11 21:00:00,83702
2025-04-12 21:00:00,84503
2025-04-13 21:00:00,84646
2025-04-14 21:00:00,85161
2025-04-15 21:00:00,83880
2025-04-16 21:00:00,84582
2025-04-17 21:00:00,84587
2025-04-18 21:00:00,85167
2025-04-19 21:00:00,84732
2025-04-20 21:00:00,87299
2025-04-21 21:00:00,88644
2025-04-22 21:00:00,93596
2025-04-23 21:00:00,93127
2025-04-24 21:00:00,94330
2025-04-25 21:00:00,94385
2025-04-26 21:00:00,94118
2025-04-27 21:00:00,94493
2025-04-28 21:00:00,94911
2025-04-29 21:00:00,94589
2025-04-30 21:00:00,96193
2025-05-01 21:00:00,96962
2025-05-02 21:00:00,96329
2025-05-03 21:00:00,95633
2025-05-04 21:00:00,94392
2025-05-05 21:00:00,94451
2025-05-06 21:00:00,96902
2025-05-07 21:00:00,99554
2025-05-08 21:00:00,102965
2025-05-09 21:00:00,103447
2025-05-10 21:00:00,104157
2025-05-11 21:00:00,103891
2025-05-12 21:00:00,103488
2025-05-13 21:00:00,103592
2025-05-14 21:00:00,102871
2025-05-15 21:00:00,103848
2025-05-16 21:00:00,103165
2025-05-17 21:00:00,103928
2025-05-18 21:00:00,104444
2025-05-19 21:00:00,105699
2025-05-20 21:00:00,107076
2025-05-21 21:00:00,111064
2025-05-22 21:00:00,109910
2025-05-23 21:00:00,108517
2025-05-24 21:00:00,107595
2025-05-25 21:00:00,109648
2025-05-26 21:00:00,109600
2025-05-27 21:00:00,108749
2025-05-28 21:00:00,107801
2025-05-29 21:00:00,105484
2025-05-30 21:00:00,104005
2025-05-31 21:00:00,104538
2025-06-01 21:00:00,104810
2025-06-02 21:00:00,105625
2025-06-03 21:00:00,105400

